duration,protocol_type,service,flag,src_bytes,dst_bytes,wrong_fragment,urgent,hot,count,srv_count,serror_rate,rerror_rate,same_srv_rate,diff_srv_rate,dst_host_count,dst_host_srv_count,label
1.17,tcp,http,SF,106,419,0,0,0,8,32,0.0016,0.0,0.99,0.0804,141,160,normal
2.27,tcp,eco_i,S0,10204,2358,0,0,0,241,78,0.6354,0.6061,0.4347,0.5412,236,9,anomaly
24.71,udp,other,S0,697,18,0,0,1,125,47,0.8509,0.7395,0.0793,0.957,177,26,anomaly
11.4,icmp,private,REJ,51753,3,0,0,4,135,50,0.8278,0.7772,0.457,0.5437,105,8,anomaly
1.22,icmp,http,SF,2497,22016,0,0,1,17,12,0.1266,0.0076,0.9404,0.0585,138,132,normal
4.39,tcp,smtp,S0,288,4647,0,0,0,30,20,0.087,0.0026,0.9208,0.1161,131,117,normal
0.8,tcp,other,SF,218,678,0,0,0,15,7,0.0064,0.0005,0.9547,0.0,28,135,normal
0.91,icmp,eco_i,SF,58,2974,0,0,0,89,130,0.9499,0.3898,0.2552,0.767,27,56,anomaly
11.83,udp,eco_i,S0,409048,294,0,0,0,202,62,0.8471,0.6142,0.3869,0.6408,85,10,anomaly
3.5,tcp,private,S0,1592,117,0,0,0,249,33,0.9355,0.4509,0.0492,0.9932,11,56,anomaly
2.72,tcp,smtp,SF,68,274,0,0,0,4,33,0.1344,0.0,0.8411,0.1401,216,198,normal
20.43,tcp,eco_i,SF,108,13,3,0,2,169,31,0.9229,0.7439,0.0255,0.9745,12,30,anomaly
46.33,tcp,other,SF,1164,1834,0,0,3,197,71,0.8484,0.6168,0.003,0.8744,7,40,anomaly
0.18,tcp,smtp,SF,98,1379,0,0,0,2,32,0.4233,0.0656,0.9535,0.013,247,199,normal
1.41,tcp,http,RSTO,5449,127,0,0,0,1,12,0.0165,0.0003,0.8812,0.1276,170,206,normal
2.58,tcp,ftp_data,SF,405,775,0,0,0,13,13,0.0298,0.0643,0.9952,0.0784,96,130,normal
0.5,tcp,smtp,RSTO,511,294,0,0,0,6,3,0.0007,0.0723,0.9591,0.1332,138,120,normal
0.41,tcp,ftp_data,S0,958,132,0,0,0,22,8,0.1974,0.0,0.9255,0.0574,61,227,normal
2.32,tcp,http,SF,44,199,0,0,0,17,2,0.0014,0.0,0.9371,0.1066,64,200,normal
0.09,tcp,ftp_data,REJ,2004,933,0,0,0,22,6,0.1098,0.0,0.8959,0.0968,28,133,normal
6.5,tcp,eco_i,REJ,16,45,0,0,2,118,17,0.5454,0.5233,0.185,0.7342,154,13,anomaly
1.06,tcp,ftp_data,SF,97,216,0,0,1,3,12,0.0596,0.1145,0.9095,0.1208,93,156,normal
1.23,tcp,http,SF,141,1799,0,0,0,6,32,0.1303,0.0052,0.9996,0.092,91,154,normal
1.96,tcp,http,SF,492,32982,0,0,0,17,6,0.0215,0.2012,0.8987,0.0823,180,122,normal
0.66,tcp,eco_i,SF,318,1362,0,0,0,35,27,0.0166,0.009,0.8315,0.1231,202,206,normal
3.66,tcp,http,S0,271,68,0,0,4,81,90,0.4866,0.4097,0.4238,0.5795,132,57,anomaly
1.32,tcp,http,SF,241,383,0,0,0,35,23,0.1819,0.0226,0.929,0.0649,106,212,normal
1.19,tcp,http,SF,76,697,0,0,0,23,10,0.0447,0.0,0.9383,0.1922,150,174,normal
15.28,icmp,smtp,S0,60258,166,0,0,2,166,142,0.8029,0.9147,0.1009,0.9494,10,29,anomaly
0.45,tcp,http,SF,585,2578,0,0,0,7,3,0.0001,0.1276,0.9173,0.0892,132,247,normal
11.71,udp,domain_u,SF,337,8,0,0,1,65,80,0.974,0.4403,0.0116,0.8436,135,45,anomaly
0.19,tcp,smtp,SF,1638,2596,0,0,0,26,25,0.0358,0.0197,0.9133,0.0795,191,234,normal
0.38,tcp,http,SF,95,415,0,0,0,10,1,0.0031,0.0004,0.8632,0.2294,242,198,normal
3.19,icmp,ftp_data,S0,336,16,0,0,0,60,87,0.8137,0.1755,0.0788,0.9252,87,2,anomaly
12.23,tcp,eco_i,SF,695,314,0,0,3,57,179,0.9957,0.6139,0.2941,0.747,195,15,anomaly
3.23,udp,http,REJ,1654,1,0,1,1,41,158,0.7501,0.5251,0.1389,0.8807,88,32,anomaly
2.33,tcp,http,S0,834,17431,0,0,0,33,1,0.0309,0.0,0.6457,0.33,111,202,normal
0.65,tcp,http,SF,315,43,0,0,0,2,10,0.0134,0.0254,0.9049,0.1796,229,209,normal
1.63,tcp,other,SH,1893,178,0,0,0,172,166,0.8821,0.8498,0.299,0.7105,158,29,anomaly
0.75,tcp,http,SF,775,260,0,0,0,32,5,0.0468,0.0032,0.7466,0.218,105,221,normal
0.32,tcp,http,SF,532,28637,0,0,0,33,4,0.172,0.0568,0.8144,0.1867,116,142,normal
0.09,icmp,http,SF,108,9999,0,0,0,9,8,0.0908,0.0119,0.9879,0.0835,76,196,normal
1.34,tcp,http,SF,50,6253,0,0,1,29,16,0.0349,0.0815,0.9896,0.0,21,150,normal
2.1,udp,private,S0,1250,4,0,0,3,145,18,0.6022,0.1637,0.4657,0.5478,176,7,anomaly
0.27,tcp,ftp_data,REJ,1508,25318,0,0,0,18,15,0.051,0.0026,0.8621,0.1416,235,186,normal
17.07,tcp,eco_i,SF,2205,28,0,0,2,74,91,0.7133,0.3623,0.149,0.774,17,27,anomaly
2.27,icmp,other,SF,64,2881,0,0,0,7,15,0.0754,0.0001,0.9445,0.0938,195,191,normal
0.44,udp,http,SF,60,871,0,0,1,14,6,0.0409,0.0051,0.7771,0.2357,207,190,normal
2.65,tcp,ftp_data,SF,1130,618,0,0,0,29,2,0.0614,0.1182,0.9457,0.0983,100,109,normal
1.83,udp,ftp_data,SF,63,456,0,0,0,19,5,0.0858,0.0125,0.881,0.1759,224,231,normal
8.65,tcp,eco_i,S0,629,696,0,0,1,76,45,0.6773,0.226,0.4202,0.5771,9,41,anomaly
36.02,tcp,http,RSTO,27069,2,0,0,2,166,168,0.3967,0.704,0.5461,0.4261,168,43,anomaly
9.21,udp,eco_i,S0,3,35,0,0,1,60,10,0.5618,0.2149,0.169,0.7597,242,27,anomaly
6.01,udp,other,S0,3989,359,3,0,0,140,155,0.4147,0.9527,0.3841,0.5837,128,27,anomaly
22.62,icmp,other,SH,1936,12,1,0,3,220,142,0.9714,0.0989,0.6599,0.3406,214,54,anomaly
8.15,icmp,eco_i,RSTO,63,7,0,0,2,245,103,0.9538,0.7823,0.2181,0.7337,228,29,anomaly
0.31,tcp,ftp_data,SF,331,1429,0,0,0,20,24,0.0098,0.0038,0.8122,0.217,224,168,normal
1.06,udp,eco_i,SF,23,1952,0,0,0,9,15,0.1374,0.0,0.8746,0.0802,187,241,normal
1.13,tcp,http,SF,17,3716,0,0,0,28,12,0.0234,0.0041,0.857,0.0549,69,113,normal
2.5,tcp,http,SF,188,603,0,0,0,16,20,0.0017,0.0405,0.7268,0.2443,122,115,normal
1.99,tcp,domain_u,SF,329,909,0,0,0,11,4,0.0047,0.0001,0.8543,0.1549,169,202,normal
1.64,udp,http,S0,63,2919,0,0,0,34,13,0.0501,0.015,0.9799,0.0,240,142,normal
8.13,icmp,other,S0,7138,59,1,0,2,126,47,0.5881,0.4693,0.0779,0.8777,196,13,anomaly
1.91,tcp,http,SF,480,424,0,0,0,21,23,0.2136,0.0247,0.931,0.0375,176,241,normal
1.04,tcp,http,SF,481,993,0,0,0,5,7,0.0011,0.1099,0.7859,0.1892,189,140,normal
3.37,tcp,http,SF,207,8249,0,0,0,11,12,0.026,0.0,0.9835,0.0314,5,186,normal
3.79,icmp,http,RSTO,624,27,0,0,1,9,15,0.3428,0.0109,0.8977,0.1342,7,172,normal
4.88,udp,eco_i,S0,29,765,0,0,3,211,92,0.4967,0.2011,0.1969,0.7794,203,43,anomaly
2.58,tcp,http,SF,160,5995,0,0,0,37,8,0.2058,0.0066,0.9822,0.0,103,174,normal
3.28,tcp,other,S0,384,12,0,0,0,59,176,0.9796,0.6347,0.1099,0.8969,134,59,anomaly
35.78,tcp,http,REJ,327,192,1,0,2,145,82,0.4471,0.1311,0.1583,0.8676,157,47,anomaly
1.17,tcp,http,SH,285,339,0,0,0,10,7,0.0007,0.0,0.9578,0.1229,179,146,normal
0.24,tcp,smtp,SH,3894,177,0,0,0,19,30,0.0083,0.0067,0.9546,0.1027,209,197,normal
7.41,tcp,smtp,SF,1612,36,0,0,2,179,161,0.8185,0.528,0.3818,0.5553,28,33,anomaly
4.4,tcp,smtp,S0,5411,111,0,1,2,19,178,0.8066,0.1684,0.1317,0.8613,57,6,anomaly
0.43,tcp,other,SH,124,42,1,0,3,189,77,0.8388,0.2935,0.1169,0.9059,63,54,anomaly
4.68,icmp,other,S0,410,0,0,0,3,248,82,0.8079,0.8177,0.36,0.5975,166,41,anomaly
1.88,tcp,http,SF,686,215,0,0,0,30,7,0.0714,0.023,0.6778,0.3047,211,114,normal
3.73,tcp,eco_i,SF,75,2355,0,0,0,7,29,0.0003,0.0202,0.9828,0.0509,49,142,normal
1.83,tcp,http,SF,107,296,0,0,0,12,34,0.0471,0.0004,0.76,0.2525,236,249,normal
7.12,icmp,private,REJ,15842,4,3,0,3,175,86,0.6332,0.6555,0.4527,0.5474,12,7,anomaly
40.41,tcp,eco_i,S0,1953,15,0,0,3,35,85,0.9995,0.7934,0.4569,0.5105,173,6,anomaly
0.0,tcp,http,SF,939,59,0,0,0,22,27,0.0701,0.0239,0.8808,0.0469,102,192,normal
0.19,tcp,http,SF,1609,673,0,0,1,30,27,0.0407,0.0,0.9242,0.0602,211,138,normal
1.15,tcp,http,RSTO,226,91,0,0,0,39,12,0.1101,0.0,0.8827,0.1127,225,167,normal
1.69,udp,private,SF,1025,15641,0,0,0,20,23,0.0051,0.0056,0.9638,0.0,45,156,normal
17.1,tcp,other,S0,28261,10,0,0,3,177,39,0.8275,0.4614,0.1547,0.8477,133,38,anomaly
2.77,icmp,http,S0,3712,33,0,0,2,160,51,0.9059,0.5068,0.0938,0.9258,65,8,anomaly
14.83,tcp,eco_i,REJ,19422,45,1,0,6,81,165,0.4886,0.7073,0.1824,0.783,163,24,anomaly
0.12,tcp,http,SF,418,385,0,0,0,34,7,0.007,0.028,0.9661,0.054,163,158,normal
0.32,tcp,ftp_data,S0,407,127,0,0,1,5,29,0.0335,0.0003,0.9703,0.0435,111,198,normal
17.95,icmp,private,S0,425,894,1,0,0,168,63,0.6813,0.0584,0.5599,0.4249,111,1,anomaly
4.96,udp,eco_i,S0,3391,2,0,0,1,202,100,0.7935,0.5347,0.349,0.6302,159,51,anomaly
9.95,icmp,http,RSTO,882,96,0,0,1,139,22,0.8878,0.6911,0.3752,0.6082,246,53,anomaly
2.75,udp,other,S0,7782,344,0,0,1,131,130,0.9734,0.1672,0.1252,0.832,36,41,anomaly
6.94,udp,smtp,SF,663,748,0,0,2,2,34,0.0317,0.0197,0.9906,0.0266,168,170,normal
0.35,tcp,http,SF,696,3922,0,0,0,35,25,0.129,0.0047,0.7509,0.2068,99,233,normal
0.02,tcp,http,SF,362,1423,0,0,0,28,2,0.0,0.0005,0.8192,0.1417,168,144,normal
8.94,tcp,http,SF,64,3536,0,0,0,37,5,0.0344,0.0,0.9049,0.12,189,232,normal
0.49,tcp,http,SF,1282,10,0,0,0,23,14,0.0187,0.0032,0.8051,0.1828,12,124,normal
1.65,icmp,smtp,SF,2820,421,0,0,0,23,31,0.0531,0.0006,0.9686,0.0345,247,181,normal
15.39,tcp,eco_i,REJ,31,10851,0,0,0,201,76,0.529,0.1961,0.8071,0.1073,210,45,anomaly
1.3,tcp,http,SF,452,282,0,0,0,39,28,0.0195,0.0164,0.9155,0.0584,220,176,normal
3.52,tcp,smtp,SF,312,9355,0,0,1,32,9,0.1014,0.0185,0.9987,0.0853,13,147,normal
1.62,tcp,http,SF,1535,807,0,0,4,227,174,0.9501,0.7684,0.0183,0.8927,158,33,anomaly
1.66,icmp,http,SF,212,329,0,0,1,16,17,0.2111,0.016,0.6535,0.434,40,159,normal
0.31,tcp,http,SF,235,313,0,0,0,16,12,0.0001,0.0,0.8785,0.1346,145,122,normal
1.03,tcp,other,REJ,3281,225,0,0,1,122,30,0.4744,0.5383,0.0029,0.9705,73,13,anomaly
0.62,tcp,http,SF,4084,259,0,0,0,28,34,0.0425,0.0469,0.9698,0.02,103,185,normal
0.36,icmp,ftp_data,SF,46,105,0,0,0,29,1,0.1945,0.0599,0.9727,0.0888,150,121,normal
0.56,icmp,smtp,SF,216,1265,0,0,0,20,15,0.0206,0.0014,0.8762,0.0099,56,124,normal
0.3,tcp,ftp_data,SF,59,75,0,0,0,36,18,0.0197,0.0,0.9678,0.103,62,163,normal
30.81,tcp,eco_i,RSTO,2391,113,0,0,0,204,15,0.763,0.5,0.2867,0.7266,57,47,anomaly
9.44,tcp,eco_i,S0,2059,93,0,0,0,184,151,0.808,0.5582,0.3148,0.7358,143,49,anomaly
3.77,udp,other,RSTO,9196,185,1,0,0,108,144,0.9665,0.304,0.5585,0.3541,93,49,anomaly
14.54,tcp,smtp,SF,334,63,3,0,1,238,134,0.774,0.5583,0.6648,0.3239,120,27,anomaly
12.91,icmp,other,S0,55,55,0,0,4,36,175,0.8812,0.2899,0.1072,0.7763,54,30,anomaly
2.05,udp,eco_i,SF,543,2048,0,0,1,20,16,0.017,0.0,0.867,0.1928,144,125,normal
3.7,icmp,eco_i,REJ,3173,2417,0,0,2,28,158,0.8303,0.7169,0.4168,0.534,212,46,anomaly
0.86,tcp,ftp_data,SF,400,1692,0,0,0,20,33,0.0412,0.0002,0.9675,0.0,217,113,normal
0.64,icmp,other,SF,142,56,0,0,2,249,28,0.8914,0.4392,0.539,0.3642,232,34,anomaly
1.45,udp,domain_u,RSTO,18204,10,1,0,2,125,153,0.9499,0.4605,0.0602,0.962,152,59,anomaly
0.26,tcp,http,SF,214,13398,0,0,0,30,11,0.326,0.0001,0.9144,0.0892,80,153,normal
1.76,tcp,ftp_data,SF,142,711,0,0,0,31,33,0.0092,0.0382,0.9301,0.0325,115,254,normal
1.08,tcp,ftp_data,SF,60,3682,0,0,0,22,5,0.0119,0.0026,0.7408,0.2723,208,120,normal
1.58,tcp,http,SF,165,1032,0,0,0,15,8,0.3104,0.0,0.9408,0.0203,122,134,normal
8.55,tcp,other,S0,1859,0,0,0,4,155,89,0.9566,0.9909,0.0313,0.8808,153,35,anomaly
4.28,icmp,other,REJ,5584,5,0,0,1,141,115,0.9509,0.5275,0.0647,0.9171,127,50,anomaly
3.47,tcp,http,SF,530,1160,0,0,0,28,27,0.2198,0.0,0.908,0.1742,174,104,normal
2.08,tcp,smtp,SH,292,221,0,0,1,11,31,0.0067,0.0,0.9804,0.0682,183,252,normal
1.01,tcp,http,SF,459,187,0,0,1,14,4,0.0021,0.13,0.9088,0.114,112,220,normal
1.39,tcp,http,SF,94,9101,0,0,0,11,2,0.0084,0.1356,0.9816,0.0306,129,119,normal
0.59,tcp,http,SF,169,483,0,0,0,9,5,0.2704,0.01,0.9717,0.0101,178,155,normal
6.17,tcp,http,SF,308,148,0,0,0,24,17,0.0212,0.0,0.9462,0.0906,123,165,normal
0.22,icmp,http,REJ,1202,0,0,0,2,145,161,0.7779,0.1131,0.2898,0.7384,178,36,anomaly
0.07,tcp,private,SF,359,95,0,0,0,38,29,0.0147,0.0001,0.7578,0.238,161,107,normal
0.59,tcp,http,SF,207,5715,0,0,0,37,16,0.0,0.0204,0.9039,0.1061,241,182,normal
32.47,icmp,domain_u,S0,192,551,0,0,1,157,106,0.494,0.6165,0.0787,0.841,116,23,anomaly
0.09,tcp,smtp,S0,10822,1471,0,0,0,20,12,0.0067,0.0146,0.9876,0.0,71,221,normal
19.42,udp,eco_i,S0,1633,68,0,0,1,195,73,0.8382,0.1651,0.2069,0.7334,230,57,anomaly
7.54,udp,http,S0,2493,14,0,0,3,187,167,0.9486,0.7799,0.5304,0.409,237,25,anomaly
0.61,tcp,ftp_data,SF,185,1477,0,0,0,4,7,0.3434,0.0011,0.9975,0.026,92,171,normal
0.87,tcp,http,SF,142,142,0,0,1,24,30,0.0399,0.0,0.9867,0.0,231,212,normal
0.46,tcp,http,SF,209,26073,0,0,0,32,15,0.0078,0.0028,0.9157,0.1227,156,114,normal
0.27,tcp,smtp,SF,348,2710,0,0,0,10,4,0.0095,0.0082,0.8623,0.1893,160,167,normal
1.75,udp,http,SF,26,498,0,0,0,16,6,0.3055,0.0005,0.9418,0.0551,88,162,normal
8.62,udp,http,SF,515,1,0,0,4,64,21,0.9745,0.6564,0.3413,0.6284,8,6,anomaly
0.34,tcp,ftp_data,SF,114,561,0,0,0,32,5,0.047,0.046,0.5521,0.4995,44,146,normal
0.58,tcp,http,SF,314,399,0,0,0,18,8,0.1316,0.1259,0.8202,0.2074,96,112,normal
1.34,tcp,http,SF,184,12449,0,0,0,25,30,0.0314,0.0,0.8438,0.2159,28,198,normal
10.4,tcp,eco_i,S0,280,1,0,0,1,56,7,0.7758,0.5519,0.1229,0.823,124,45,anomaly
0.24,tcp,domain_u,REJ,41,814,0,0,0,18,30,0.0423,0.0001,0.9078,0.0792,112,145,normal
0.11,tcp,http,SF,99,647,0,0,0,18,31,0.0,0.0,0.9101,0.079,195,135,normal
2.51,tcp,http,SF,1516,558,0,0,0,3,16,0.013,0.001,0.9211,0.0894,135,109,normal
2.49,icmp,eco_i,S0,328,17,0,0,1,230,56,0.4694,0.0407,0.2138,0.8175,134,18,anomaly
2.1,tcp,http,SF,708,559,0,0,0,33,33,0.0094,0.0718,0.9272,0.0797,221,122,normal
16.32,tcp,http,SF,7317,3149,0,0,1,66,7,0.9879,0.0543,0.3984,0.6683,45,18,anomaly
15.42,icmp,eco_i,S0,514,15,0,0,1,50,98,0.5909,0.5392,0.6438,0.3375,14,7,anomaly
0.97,tcp,private,SF,217,1247,0,0,0,8,12,0.0497,0.0,0.8776,0.07,173,103,normal
21.7,udp,private,REJ,1863,265,0,0,2,233,79,0.5429,0.4997,0.2584,0.7083,187,5,anomaly
0.06,tcp,ftp_data,SF,23,1043,0,0,0,23,25,0.0025,0.0005,0.8053,0.1552,168,240,normal
4.3,udp,smtp,SF,95,55,0,0,1,95,90,0.599,0.6425,0.4356,0.5416,83,31,anomaly
3.44,icmp,other,S0,3542,14,0,0,2,167,10,0.989,0.2287,0.0481,0.9384,174,5,anomaly
1.04,tcp,ftp_data,SF,468,6074,0,0,0,17,26,0.0025,0.0478,0.8812,0.1075,59,157,normal
0.66,tcp,http,SF,514,166,0,0,0,25,22,0.0988,0.0044,0.7736,0.238,89,225,normal
8.06,udp,domain_u,SF,12502,8,1,0,3,56,65,0.9769,0.766,0.1101,0.8669,37,29,anomaly
1.54,tcp,http,SF,111,271,0,0,0,6,12,0.2803,0.1375,0.8905,0.162,82,241,normal
1.77,tcp,other,SF,1122,4244,0,0,0,20,28,0.3581,0.0004,0.8597,0.0434,196,203,normal
3.07,tcp,ftp_data,SF,135,767,0,0,0,20,9,0.0344,0.0585,0.8871,0.0015,247,211,normal
1.84,icmp,http,S0,6619,28,1,0,2,201,152,0.8554,0.3424,0.182,0.868,65,8,anomaly
0.65,tcp,http,RSTO,562,18,0,0,1,138,51,0.9885,0.6816,0.5069,0.5393,97,28,anomaly
1.24,tcp,http,SF,1414,957,0,0,0,8,11,0.0002,0.0554,0.9139,0.148,156,204,normal
3.22,tcp,eco_i,SF,785,737,0,0,0,29,6,0.0527,0.0039,0.877,0.1548,41,138,normal
1.13,tcp,private,SF,52,2269,0,0,1,17,4,0.2058,0.0218,0.9027,0.0974,83,245,normal
8.61,icmp,http,S0,3917,239,0,0,2,117,68,0.8053,0.2381,0.687,0.3001,97,3,anomaly
1.29,tcp,smtp,SH,490,756,0,0,0,18,24,0.1711,0.0588,0.9617,0.0,15,206,normal
9.9,tcp,other,SF,1347,368,0,0,1,231,95,0.305,0.5997,0.4605,0.5469,237,2,anomaly
5.02,tcp,http,RSTO,142,1975,0,0,0,12,3,0.0237,0.0042,0.9351,0.0,87,102,normal
2.64,udp,eco_i,SF,10384,19,1,0,3,158,114,0.9378,0.3492,0.4298,0.6935,221,57,anomaly
0.08,tcp,http,SF,306,140,0,0,0,26,24,0.0,0.0004,0.996,0.0,167,170,normal
4.16,udp,http,SF,261,673,0,0,0,3,22,0.1762,0.0233,0.8469,0.1493,206,151,normal
1.13,tcp,eco_i,SF,624,131,0,0,0,3,12,0.3932,0.0047,0.9327,0.1426,222,137,normal
1.48,tcp,private,S0,58,22,0,0,1,120,41,0.7623,0.1826,0.2719,0.7098,194,18,anomaly
42.13,tcp,other,S0,2899,21,0,0,1,245,173,0.4553,0.5792,0.0417,0.9403,77,42,anomaly
0.15,tcp,private,SF,95,1585,0,0,1,9,11,0.0721,0.0088,0.7698,0.1009,232,219,normal
19.48,udp,other,S0,1151,572,1,0,3,108,33,0.6374,0.1547,0.4188,0.5157,28,40,anomaly
18.62,udp,other,SF,31980,8,0,0,1,74,163,0.9042,0.6583,0.0472,0.9808,159,57,anomaly
4.23,udp,private,S0,442,228,0,0,4,213,111,0.5967,0.5729,0.5579,0.5258,140,20,anomaly
0.55,tcp,ftp_data,SF,162,78,0,0,0,29,1,0.016,0.011,0.879,0.0765,13,221,normal
2.73,tcp,http,SF,964,599,0,0,0,5,3,0.1379,0.0121,0.8543,0.1555,3,221,normal
0.11,tcp,http,SF,981,395,0,0,0,39,16,0.0307,0.0146,0.5232,0.6123,63,163,normal
12.35,icmp,private,RSTO,8433,1069,0,0,0,105,95,0.7427,0.2272,0.5045,0.5238,29,48,anomaly
18.32,tcp,other,SH,384,130,0,0,2,177,60,0.467,0.7146,0.5971,0.4517,115,17,anomaly
33.27,icmp,http,SF,27895,47,0,0,0,211,82,0.7066,0.7239,0.0952,0.8665,64,4,anomaly
4.12,tcp,other,SF,1013,42,0,0,0,36,31,0.0666,0.0001,0.9753,0.1023,94,184,normal
1.7,tcp,http,SF,60,343,0,0,0,33,24,0.0394,0.0046,0.6342,0.3311,76,191,normal
3.35,icmp,eco_i,REJ,22014,74,1,0,3,38,40,0.9594,0.2201,0.0995,0.8571,85,1,anomaly
22.16,icmp,eco_i,S0,219,120,3,0,2,213,78,0.6465,0.9763,0.4702,0.6038,126,55,anomaly
2.82,tcp,private,S0,15529,43,0,0,1,213,33,0.6968,0.5045,0.0619,0.9062,66,35,anomaly
0.9,udp,private,S0,14685,56,0,0,0,132,84,0.7415,0.3732,0.2605,0.7393,116,12,anomaly
14.58,icmp,other,SF,10167,13,3,0,1,197,170,0.923,0.404,0.5349,0.5464,178,17,anomaly
2.08,tcp,ftp_data,SF,104,1843,0,0,0,32,1,0.358,0.0,0.9142,0.04,208,164,normal
1.55,udp,other,SF,19,65,0,0,0,2,29,0.0726,0.0,0.8419,0.1463,96,203,normal
12.61,icmp,smtp,SF,501,2,0,0,3,29,37,0.9387,0.5233,0.3787,0.5908,220,32,anomaly
1.14,tcp,private,S0,517,6,0,0,2,19,97,0.7816,0.3517,0.28,0.7036,201,46,anomaly
0.05,tcp,http,SF,176,684,0,0,0,29,12,0.1032,0.0032,0.9458,0.0562,246,222,normal
1.21,tcp,eco_i,SF,61,4839,0,0,0,38,19,0.1043,0.002,0.7349,0.3321,145,253,normal
4.94,udp,domain_u,S0,782,28,1,0,0,44,145,0.3793,0.674,0.1744,0.9077,121,19,anomaly
1.16,icmp,smtp,SF,132,40,0,0,0,22,16,0.3084,0.0001,0.724,0.2838,56,102,normal
2.76,tcp,eco_i,SF,719,213,0,0,1,35,25,0.151,0.0017,0.9566,0.0071,114,127,normal
0.05,tcp,http,SF,1105,8901,0,0,2,15,10,0.0311,0.0116,0.9329,0.101,211,243,normal
1.58,udp,private,RSTO,17035,166,0,0,1,87,13,0.5401,0.3818,0.4331,0.5672,7,16,anomaly
6.15,tcp,private,SF,482,6430,1,0,5,44,155,0.8736,0.7807,0.0117,0.9902,164,4,anomaly
0.89,udp,ftp_data,SF,61,700,0,0,0,36,25,0.0469,0.0156,0.9638,0.0,40,121,normal
17.79,icmp,eco_i,S0,725,6118,0,0,1,118,133,0.8825,0.6722,0.3785,0.5406,1,49,anomaly
4.62,udp,http,SF,524,342,0,0,1,21,12,0.0127,0.0027,0.8555,0.1435,170,196,normal
0.38,tcp,ftp_data,SF,396,741,0,0,0,28,8,0.0595,0.0041,0.9514,0.0,164,176,normal
5.48,tcp,private,REJ,4,2,0,0,2,236,6,0.8122,0.8769,0.1518,0.8216,113,1,anomaly
5.61,tcp,eco_i,SF,13950,57,0,0,2,98,108,0.9211,0.2542,0.0753,0.9988,39,19,anomaly
1.97,tcp,other,REJ,31976,143,0,0,2,106,79,0.7243,0.1859,0.7901,0.2063,121,51,anomaly
19.22,udp,other,S0,221,37,1,0,3,203,105,0.6526,0.5671,0.1776,0.8778,129,52,anomaly
14.74,icmp,other,SH,259,325,0,0,1,85,176,0.6322,0.638,0.1076,0.9072,240,44,anomaly
0.01,tcp,http,SF,291,197,0,0,1,36,3,0.0002,0.0004,0.7439,0.2853,216,230,normal
2.07,tcp,smtp,SF,364,102,0,0,0,20,2,0.3638,0.0004,0.9066,0.0659,191,207,normal
3.5,tcp,eco_i,SF,271,434,0,0,0,6,29,0.0037,0.0,0.9729,0.0847,74,120,normal
0.23,udp,http,SF,557,6986,0,0,0,23,34,0.0304,0.0081,0.773,0.2426,75,131,normal
1.55,udp,other,S0,193,11,0,0,3,111,97,0.8528,0.7226,0.4371,0.5496,102,28,anomaly
0.83,tcp,http,SF,265,1912,0,0,0,5,33,0.0485,0.0027,0.7242,0.2913,86,164,normal
18.21,udp,domain_u,RSTO,282,1161,0,0,3,87,132,0.8468,0.4155,0.3571,0.6071,56,29,anomaly
5.94,icmp,private,S0,21739,1,0,0,3,240,70,0.5769,0.8185,0.029,0.9564,159,5,anomaly
10.37,tcp,domain_u,S0,3680,927,0,0,0,245,49,0.9209,0.3132,0.2021,0.7951,1,38,anomaly
0.23,tcp,http,SF,337,1796,0,0,1,27,11,0.0238,0.0177,0.9065,0.0672,41,144,normal
9.69,udp,private,S0,6442,103,0,0,4,240,105,0.7281,0.4265,0.1308,0.9471,139,15,anomaly
2.49,tcp,domain_u,SF,1226,80,0,0,0,23,13,0.0706,0.0008,0.5626,0.4166,6,238,normal
0.14,tcp,http,SF,336,1967,0,0,0,23,26,0.0745,0.1001,0.95,0.1541,179,156,normal
22.23,icmp,eco_i,RSTO,2951,27,0,0,2,177,123,0.8767,0.7048,0.1021,0.9013,192,5,anomaly
3.69,tcp,other,SF,707,124,0,0,1,21,10,0.0003,0.1606,0.8029,0.1853,237,171,normal
0.35,udp,http,RSTO,47,2282,0,0,0,22,12,0.0124,0.0034,0.9937,0.0,209,237,normal
24.19,icmp,eco_i,REJ,19082,77,0,0,1,236,47,0.6224,0.7003,0.1778,0.8433,78,23,anomaly
0.12,tcp,eco_i,SF,366,663,0,0,0,32,31,0.0431,0.0164,0.8967,0.148,96,137,normal
30.28,icmp,other,SF,115,198,0,0,2,104,78,0.6912,0.7013,0.1459,0.7272,148,22,anomaly
1.2,tcp,http,S0,701,783,0,0,1,113,143,0.9457,0.6302,0.1163,0.884,117,34,anomaly
9.43,tcp,other,S0,650890,8,0,0,4,234,160,0.9539,0.8327,0.3998,0.5008,4,41,anomaly
0.54,tcp,smtp,SF,118,264,0,0,0,38,8,0.0084,0.1626,0.8997,0.1494,251,245,normal
0.93,udp,eco_i,SF,136,1274,0,0,0,6,5,0.2567,0.0025,0.9888,0.0612,167,221,normal
11.2,udp,private,SF,29462,37,0,0,2,17,76,0.8774,0.5639,0.2062,0.7958,47,31,anomaly
0.28,tcp,http,SF,571,76,0,0,0,30,28,0.0322,0.027,0.8916,0.1188,150,119,normal
19.16,tcp,other,SH,3304,46,1,0,3,199,30,0.856,0.4684,0.7966,0.1319,93,7,anomaly
15.28,icmp,other,SF,1680,7,1,0,5,208,36,0.8088,0.3954,0.0562,0.9164,42,40,anomaly
1.08,icmp,other,SF,56,3162,1,0,0,133,50,0.8724,0.7161,0.1343,0.8351,101,45,anomaly
0.26,tcp,other,SF,1345,11079,0,0,1,2,26,0.4525,0.0474,0.5474,0.4302,205,113,normal
1.75,udp,eco_i,SF,498,778,0,0,0,18,12,0.0138,0.0018,0.9,0.1436,207,234,normal
4.94,udp,eco_i,S0,545,18,0,0,0,169,39,0.8652,0.5659,0.2546,0.8095,35,53,anomaly
0.83,tcp,ftp_data,SF,580,154,0,0,0,26,26,0.0644,0.0002,0.9328,0.0977,153,163,normal
0.43,udp,http,SF,225,2105,0,0,0,23,13,0.0062,0.0,0.6673,0.3166,115,128,normal
9.58,udp,other,REJ,293,5,0,0,2,130,126,0.3726,0.6489,0.1448,0.8179,131,6,anomaly
11.6,tcp,other,SF,733,256,0,1,2,127,7,0.9315,0.5762,0.0203,0.9842,51,21,anomaly
13.07,tcp,other,S0,236,10,0,0,0,191,50,0.576,0.087,0.4468,0.5681,12,45,anomaly
21.72,icmp,other,REJ,349,502,1,0,2,225,12,0.4204,0.247,0.0396,0.9494,142,39,anomaly
0.33,tcp,smtp,SF,283,93,0,0,0,15,3,0.1186,0.0001,0.7064,0.2607,168,229,normal
1.54,tcp,eco_i,S0,299,385,0,0,2,41,19,0.6866,0.3445,0.2035,0.8273,32,47,anomaly
22.89,tcp,smtp,S0,30912,32,3,0,0,50,48,0.9781,0.5776,0.1578,0.8778,50,37,anomaly
0.75,icmp,http,SF,2305,1343,0,0,0,15,15,0.0022,0.0005,0.9361,0.0,68,199,normal
1.87,tcp,smtp,SF,99,836,0,0,0,8,11,0.0081,0.0681,0.9568,0.024,29,135,normal
22.18,tcp,other,SF,661,39,0,0,2,70,80,0.8305,0.5605,0.3077,0.7312,31,22,anomaly
8.34,tcp,eco_i,SF,19106,6,0,0,3,24,161,0.7568,0.6304,0.1743,0.8752,224,44,anomaly
47.83,tcp,eco_i,REJ,24893,310,0,0,1,68,166,0.9097,0.7023,0.1634,0.8398,24,51,anomaly
1.23,udp,other,S0,10180,33924,0,0,3,95,158,0.782,0.2003,0.4061,0.6121,11,18,anomaly
0.16,udp,http,SF,314,466,0,0,0,30,11,0.1932,0.0001,0.8827,0.1299,127,242,normal
1.9,tcp,http,SF,287,3109,0,0,1,2,5,0.0309,0.0,0.9232,0.1245,30,111,normal
5.17,udp,private,S0,167,22,0,0,5,216,22,0.7664,0.3889,0.4035,0.5411,241,35,anomaly
31.64,icmp,domain_u,SF,88173,74,0,0,2,180,56,0.5512,0.5522,0.3554,0.6579,19,38,anomaly
0.81,tcp,eco_i,S0,396,68,0,0,2,95,58,0.8291,0.8722,0.1769,0.7786,164,38,anomaly
9.57,udp,domain_u,REJ,6818,9,0,0,3,141,46,0.7157,0.3133,0.2685,0.7859,6,36,anomaly
0.61,tcp,http,SF,147,1694,0,0,0,19,28,0.0579,0.0,0.8537,0.0934,130,130,normal
0.04,icmp,ftp_data,SF,33,7752,0,0,0,9,19,0.0022,0.0,0.9836,0.0368,231,110,normal
3.54,udp,http,S0,14415,5,0,0,2,112,36,0.9918,0.6708,0.0784,0.8775,124,10,anomaly
5.44,tcp,other,S0,8337,274,0,0,3,146,87,0.7278,0.0125,0.1943,0.8433,19,32,anomaly
22.27,tcp,eco_i,S0,57293,4,0,0,1,192,85,0.5531,0.5107,0.0722,0.9498,174,10,anomaly
2.6,tcp,smtp,S0,707,210,1,0,2,233,70,0.9786,0.1453,0.0644,0.9476,240,43,anomaly
21.04,icmp,http,SF,138,2,0,0,3,75,86,0.6389,0.1299,0.2157,0.8824,40,45,anomaly
0.05,tcp,private,SF,47,1311,0,0,0,8,22,0.0167,0.0002,0.9621,0.0028,146,245,normal
3.17,tcp,http,SF,871,8213,0,0,0,6,9,0.0454,0.0,0.8859,0.1604,105,149,normal
0.02,tcp,smtp,REJ,270,497,0,0,1,7,23,0.1753,0.0001,0.9905,0.0681,36,105,normal
2.79,udp,private,REJ,823,125,0,0,3,60,58,0.8534,0.6567,0.1532,0.8931,174,39,anomaly
1.01,tcp,other,SF,171,183,0,0,0,17,26,0.081,0.0,0.7301,0.2361,56,111,normal
0.63,tcp,http,SF,427,390,0,0,0,36,6,0.0214,0.0014,0.8719,0.1163,52,106,normal
3.87,tcp,http,SF,164,68,0,0,0,8,31,0.0095,0.0,0.9015,0.0682,54,241,normal
0.04,tcp,http,SF,176,497,0,0,1,13,17,0.0005,0.0685,0.9801,0.005,56,198,normal
7.22,udp,eco_i,REJ,6114,395,0,0,2,240,39,0.8355,0.577,0.4227,0.5352,117,18,anomaly
1.19,tcp,ftp_data,SF,483,1042,0,0,0,31,27,0.0355,0.0001,0.9641,0.0177,118,106,normal
0.37,tcp,smtp,SF,112,261,0,0,0,23,6,0.1673,0.0035,0.8972,0.1762,114,138,normal
36.36,tcp,private,S0,11653,19395,0,0,1,27,56,0.9839,0.6991,0.3133,0.6708,20,37,anomaly
1.58,tcp,ftp_data,S0,157,403,0,0,1,24,4,0.0001,0.0011,0.8848,0.1205,229,222,normal
1.95,udp,http,SF,794,405,0,0,1,10,3,0.0776,0.0,0.6861,0.2777,1,126,normal
0.0,tcp,http,SF,154,750,0,0,0,31,24,0.046,0.0,0.9942,0.0051,23,160,normal
5.17,icmp,other,S0,1099,24,0,0,2,142,70,0.9017,0.4315,0.019,1.0,38,6,anomaly
0.27,tcp,http,SF,409,2083,0,0,0,16,32,0.0149,0.2085,0.864,0.1604,20,151,normal
15.47,icmp,eco_i,SF,961,3,0,0,0,171,81,0.9779,0.8701,0.1752,0.8957,4,14,anomaly
0.46,tcp,smtp,SF,210,394,0,0,0,3,29,0.0687,0.3999,0.7776,0.1619,243,200,normal
0.06,tcp,http,SF,225,507,0,0,0,30,32,0.0766,0.0018,0.9061,0.0561,124,132,normal
0.2,tcp,smtp,SF,178,228,0,0,0,18,25,0.0351,0.0,0.8796,0.0998,241,207,normal
6.44,tcp,http,SH,170,388,0,0,0,6,12,0.0511,0.0052,0.927,0.1492,102,239,normal
18.06,udp,other,SF,2113,1143,0,0,6,230,152,0.9409,0.7417,0.1007,0.9142,197,48,anomaly
5.78,udp,http,S0,132,832,0,0,1,152,42,0.8222,0.5281,0.4566,0.4726,134,56,anomaly
7.03,icmp,eco_i,SF,907,22,0,0,2,200,144,0.4139,0.6492,0.3803,0.6743,191,5,anomaly
1.91,tcp,http,SF,64,372,0,0,0,26,20,0.0877,0.0955,0.96,0.0455,90,165,normal
2.89,tcp,ftp_data,SF,2849,459,0,0,0,35,20,0.0036,0.0,0.9818,0.0628,129,251,normal
8.96,tcp,domain_u,SF,29066,17,0,0,1,88,105,0.8394,0.6304,0.5915,0.4877,128,31,anomaly
0.03,icmp,http,S0,353,1011,0,0,0,8,11,0.0988,0.0,0.9491,0.002,114,152,normal
0.38,tcp,ftp_data,SH,69,51,0,0,0,37,19,0.265,0.0,0.9585,0.1207,191,203,normal
0.09,tcp,private,SF,517,3152,0,0,0,10,19,0.0128,0.0004,0.8608,0.1355,207,118,normal
0.16,tcp,http,SF,213,1718,0,0,0,21,6,0.0757,0.0481,0.9006,0.0787,80,181,normal
3.77,tcp,other,S0,5699,45,3,0,3,218,171,0.9461,0.2705,0.1002,0.9075,87,6,anomaly
3.9,icmp,private,S0,1451,1092,0,0,1,186,142,0.7438,0.3667,0.2138,0.7266,105,9,anomaly
32.51,tcp,eco_i,SF,1251,57,0,0,1,200,161,0.5927,0.4187,0.5299,0.4691,214,30,anomaly
0.44,tcp,http,SF,147,462,0,0,0,34,10,0.0003,0.0007,0.8688,0.1191,182,227,normal
4.23,icmp,http,SF,98,31902,0,0,0,34,2,0.0639,0.0085,0.7617,0.1914,197,201,normal
3.55,tcp,http,SF,590,1502,0,0,0,30,2,0.0195,0.0063,0.9829,0.0,171,233,normal
1.25,tcp,http,SF,39,44,0,0,0,4,15,0.0134,0.1942,0.9936,0.0633,5,244,normal
0.66,icmp,eco_i,SF,482,236,0,0,0,30,20,0.097,0.4524,0.9067,0.0844,198,250,normal
8.55,udp,other,SF,19148,89,0,1,2,203,179,0.4747,0.5273,0.0836,0.8674,66,33,anomaly
9.47,tcp,http,S0,14830,55,0,0,1,64,36,0.9815,0.3674,0.1402,0.8822,10,4,anomaly
1.95,tcp,http,RSTO,91,93,0,0,0,24,24,0.0099,0.0131,0.9857,0.0527,118,201,normal
1.02,icmp,private,S0,1148,4,0,0,1,40,106,0.5417,0.4901,0.0069,0.993,164,33,anomaly
2.58,icmp,smtp,REJ,4024,15,0,0,1,145,93,0.7284,0.3085,0.0638,0.8745,238,58,anomaly
36.13,tcp,private,S0,175884,55,3,0,1,104,93,0.682,0.5158,0.0347,0.838,163,50,anomaly
6.31,icmp,domain_u,SF,53,34,0,1,3,53,36,0.6813,0.6951,0.5777,0.3773,173,52,anomaly
1.23,tcp,domain_u,SF,2030,2123,0,0,1,19,5,0.0016,0.0086,0.9891,0.0636,23,138,normal
0.15,udp,http,SF,133,2349,0,0,0,4,24,0.0107,0.0,0.853,0.1951,190,127,normal
0.34,tcp,http,SF,31,1574,0,0,0,34,26,0.1503,0.0162,0.6894,0.2708,47,183,normal
15.16,tcp,other,S0,1101,56,0,0,4,233,163,0.9136,0.1961,0.0235,0.9647,144,4,anomaly
0.35,tcp,eco_i,SH,1845,1943,0,0,0,25,34,0.0159,0.0002,0.8192,0.2156,165,209,normal
3.14,tcp,ftp_data,SF,392,1057,0,0,0,22,23,0.0324,0.0552,0.9177,0.0754,170,231,normal
0.26,tcp,private,SF,66,813,0,0,0,28,15,0.08,0.005,0.9251,0.1217,163,117,normal
0.91,tcp,eco_i,SF,211,266,0,0,0,18,3,0.2377,0.0,0.984,0.0111,240,192,normal
2.21,icmp,private,SF,50,5,0,0,1,202,101,0.8936,0.4534,0.2099,0.8142,40,13,anomaly
2.53,icmp,eco_i,S0,5322,194,0,0,3,148,59,0.8681,0.092,0.7002,0.2836,16,4,anomaly
0.72,tcp,other,SF,48,25843,0,0,0,11,27,0.009,0.0025,0.8874,0.0734,197,134,normal
3.05,tcp,smtp,SF,171,1045,0,0,0,9,19,0.0025,0.0214,0.8618,0.1965,11,104,normal
1.26,tcp,http,SF,73,266,0,0,0,35,21,0.3359,0.0002,0.8808,0.0441,51,215,normal
0.87,tcp,ftp_data,SF,285,191,0,0,0,37,24,0.0143,0.0001,0.9369,0.0331,221,105,normal
0.1,tcp,private,SF,158,318,0,0,0,23,24,0.0359,0.0469,0.6881,0.3072,112,159,normal
0.94,icmp,smtp,SF,303,17430,0,0,0,33,19,0.0712,0.0011,0.9753,0.0676,110,199,normal
2.58,tcp,http,SF,251,365,0,0,0,1,31,0.2556,0.0575,0.8959,0.0601,203,232,normal
0.91,icmp,private,SF,285,48,0,0,2,136,96,0.7888,0.1677,0.2798,0.7265,238,11,anomaly
3.84,icmp,private,S0,734,102,1,0,2,216,100,0.9209,0.7307,0.1061,0.8246,80,2,anomaly
1.02,tcp,ftp_data,SF,231,984,0,0,0,29,33,0.0042,0.0165,0.9722,0.0498,89,141,normal
0.19,tcp,http,SF,75,2181,0,0,0,26,18,0.0226,0.0756,0.9673,0.1239,178,173,normal
14.84,udp,eco_i,SF,1610,23,0,0,2,100,106,0.3083,0.6862,0.2812,0.6208,67,11,anomaly
0.54,tcp,http,SF,433,254,0,0,1,3,8,0.0929,0.0113,0.9519,0.0118,195,190,normal
8.76,icmp,http,SH,6385,11,0,0,2,18,71,0.6228,0.648,0.2628,0.7791,65,16,anomaly
0.46,udp,eco_i,SF,61687,25,0,0,3,16,147,0.8191,0.3465,0.01,1.0,12,58,anomaly
0.53,tcp,ftp_data,SF,2231,2178,0,0,0,31,30,0.0567,0.0122,0.9972,0.0322,135,122,normal
1.03,tcp,http,SF,206,2167,0,0,0,17,27,0.0123,0.0,0.8602,0.1034,171,103,normal
41.46,tcp,eco_i,S0,8746,13,1,0,4,93,65,0.9789,0.3747,0.2477,0.7448,237,54,anomaly
0.79,udp,other,SF,75,13721,0,0,0,23,15,0.0081,0.0,0.8675,0.0712,46,204,normal
7.35,icmp,eco_i,S0,36515,89,0,0,0,180,15,0.742,0.5942,0.8534,0.1868,96,56,anomaly
34.81,tcp,other,SH,8539,378,3,0,3,73,20,0.5188,0.5304,0.2207,0.8316,22,58,anomaly
13.44,udp,eco_i,S0,687,4,0,0,3,221,53,0.8158,0.7321,0.0039,1.0,76,48,anomaly
0.09,tcp,eco_i,SF,365,193,0,0,0,20,26,0.18,0.0,0.8403,0.1432,134,230,normal
7.52,udp,other,S0,1087,31,3,0,3,34,84,0.9253,0.8623,0.2093,0.7503,38,22,anomaly
0.01,tcp,smtp,SF,325,4497,0,0,0,4,25,0.003,0.0009,0.5481,0.5266,167,254,normal
1.48,tcp,ftp_data,SF,57,14,0,0,0,25,26,0.3284,0.0126,0.9862,0.0829,230,195,normal
7.29,udp,other,SF,216,539,0,0,2,67,174,0.4589,0.4023,0.6003,0.3503,188,36,anomaly
5.43,tcp,http,SF,127,7,0,0,0,39,25,0.0,0.0088,0.9365,0.0447,105,136,normal
5.3,tcp,smtp,S0,219,5,1,0,1,121,123,0.8555,0.134,0.4172,0.6223,85,25,anomaly
2.15,tcp,private,S0,221,16,1,0,0,69,46,0.7529,0.5186,0.3946,0.5928,190,40,anomaly
0.66,tcp,http,SF,61,5310,0,0,0,9,20,0.0,0.0468,0.826,0.1756,92,158,normal
0.01,tcp,smtp,SF,159,1206,0,0,0,20,16,0.1481,0.0006,0.8784,0.0482,224,230,normal
2.74,udp,http,SF,768,191,0,0,1,5,25,0.0163,0.0174,0.9996,0.0,155,238,normal
0.05,tcp,http,SF,171,3291,0,0,0,20,27,0.4073,0.0017,0.9419,0.0536,49,126,normal
4.22,tcp,http,SF,425,683,0,0,0,21,18,0.0619,0.0,0.9193,0.0457,113,229,normal
29.19,tcp,private,RSTO,1696,5,0,0,1,15,6,0.4815,0.6138,0.465,0.4776,15,43,anomaly
1.15,tcp,other,SF,333,110,0,0,0,21,30,0.0193,0.0417,0.8391,0.1452,33,175,normal
1.18,icmp,http,SF,186,151,0,0,0,24,1,0.0577,0.0,0.9944,0.0,96,154,normal
16.23,udp,eco_i,S0,123327,28,0,0,1,165,143,0.803,0.0421,0.0154,0.986,46,41,anomaly
0.73,tcp,http,SF,38,713,0,0,0,39,23,0.0197,0.0048,0.958,0.0916,226,175,normal
41.25,icmp,other,SH,948,7,0,0,4,168,26,0.4127,0.5901,0.16,0.8249,244,17,anomaly
0.07,tcp,private,SF,349,6742,0,0,0,18,30,0.1031,0.0003,0.9333,0.0453,118,109,normal
0.08,tcp,http,SF,464,1185,0,0,0,10,26,0.0038,0.0665,0.9718,0.0819,199,134,normal
9.06,udp,http,S0,6265,586,1,0,1,202,137,0.815,0.5042,0.101,0.9357,141,56,anomaly
0.34,icmp,other,S0,12044,202,0,0,1,32,103,0.5472,0.6403,0.005,1.0,181,25,anomaly
3.4,udp,eco_i,S0,981,69,0,0,1,239,164,0.9287,0.5701,0.2056,0.6683,167,17,anomaly
7.39,tcp,http,REJ,152,16,0,0,1,119,151,0.8297,0.7713,0.0094,0.9682,178,13,anomaly
11.88,udp,private,RSTO,23130,5,1,0,2,245,107,0.7858,0.1126,0.0462,0.9252,198,21,anomaly
0.35,tcp,smtp,SF,653,246,0,0,0,10,31,0.0462,0.1243,0.9687,0.0,115,219,normal
0.75,udp,http,SF,82,85,0,0,0,2,8,0.4552,0.0022,0.9358,0.1169,60,155,normal
3.94,udp,eco_i,SF,20,5,0,0,5,79,91,0.9078,0.408,0.079,0.8939,137,53,anomaly
9.99,udp,private,S0,2673,975,0,1,4,91,50,0.7894,0.7132,0.6682,0.2623,106,24,anomaly
1.11,udp,eco_i,REJ,83886,6321,3,0,5,130,87,0.8851,0.559,0.2569,0.7554,122,7,anomaly
1.05,tcp,eco_i,SF,187,19062,0,0,0,19,7,0.0939,0.0035,0.9607,0.0389,4,115,normal
2.43,tcp,http,SF,169,91,0,0,0,28,27,0.0061,0.0006,0.8747,0.0792,245,214,normal
14.19,udp,eco_i,REJ,3265,30,0,0,1,83,30,0.9466,0.6591,0.1537,0.8972,222,38,anomaly
1.01,tcp,http,SF,217,15,0,0,0,30,20,0.0,0.0074,0.9799,0.0466,92,160,normal
3.91,tcp,smtp,S0,969,252,0,0,3,220,36,0.4788,0.7631,0.0959,0.9305,21,22,anomaly
8.27,udp,eco_i,S0,920,227,1,0,0,188,115,0.3916,0.8479,0.0087,1.0,140,42,anomaly
1.01,tcp,http,SF,1808,1961,0,0,0,3,30,0.1344,0.0,0.9798,0.0747,77,124,normal
6.97,icmp,other,S0,21114,30,0,0,4,89,101,0.5094,0.4557,0.1597,0.8325,126,10,anomaly
23.33,tcp,private,REJ,4547,605,0,0,1,174,176,0.4672,0.5382,0.3812,0.5567,50,33,anomaly
1.29,tcp,domain_u,SF,1524,30305,0,0,0,2,13,0.0166,0.0217,0.8796,0.1101,141,232,normal
25.69,tcp,private,REJ,9110,8,0,0,1,211,92,0.3841,0.5844,0.3895,0.5277,180,8,anomaly
0.47,tcp,http,SF,1671,304,0,0,0,15,30,0.3637,0.0002,0.9747,0.0,247,136,normal
24.8,tcp,private,S0,384,68,0,0,1,29,91,0.5226,0.9024,0.1285,0.9525,219,22,anomaly
0.07,tcp,http,SF,203,362,0,0,3,5,23,0.0035,0.0073,0.9781,0.0,92,109,normal
26.34,tcp,other,SH,1815,10,0,0,2,213,30,0.9807,0.4979,0.1933,0.748,210,39,anomaly
0.21,udp,http,S0,239,1309,0,0,0,38,20,0.0326,0.0834,0.9047,0.1288,229,177,normal
2.38,tcp,ftp_data,SF,276,113,0,0,0,37,28,0.104,0.0007,0.9726,0.0706,208,132,normal
8.61,tcp,eco_i,SF,644,1,0,0,2,29,35,0.8788,0.6003,0.6186,0.2981,117,16,anomaly
1.02,tcp,http,SF,1646,2338,0,0,0,5,13,0.0238,0.0172,0.9945,0.018,149,169,normal
3.19,tcp,http,SF,108,572,0,0,0,17,16,0.2321,0.0012,0.9248,0.0477,183,156,normal
5.21,icmp,domain_u,REJ,1262,77,0,0,0,166,35,0.8279,0.3386,0.4319,0.5847,10,34,anomaly
23.3,icmp,other,SH,57033,2574,1,0,0,230,115,0.8129,0.7975,0.0671,0.9177,206,46,anomaly
6.05,tcp,eco_i,SF,2307,1533,1,0,1,49,65,0.6792,0.3531,0.1383,0.7934,119,16,anomaly
2.67,tcp,smtp,S0,8159,382,0,0,3,83,49,0.5179,0.7847,0.1839,0.792,92,14,anomaly
0.42,tcp,http,SF,24,625,0,0,0,29,25,0.2209,0.0,0.9772,0.0541,157,195,normal
1.71,udp,smtp,SF,203,681,0,0,1,38,3,0.0,0.0,0.9044,0.1928,111,102,normal
0.19,tcp,http,SF,61,872,0,0,3,3,24,0.2388,0.0,0.9954,0.0241,139,241,normal
17.22,icmp,eco_i,S0,2727,21,1,0,2,140,80,0.6022,0.4408,0.5548,0.4257,30,50,anomaly
8.44,icmp,private,SF,383,0,0,0,1,211,66,0.8029,0.748,0.3999,0.5411,168,10,anomaly
53.45,tcp,http,S0,365,187,0,0,2,178,158,0.674,0.4066,0.1302,0.8619,219,24,anomaly
7.51,udp,smtp,SH,666,3,0,0,4,99,71,0.3302,0.6215,0.336,0.6451,177,27,anomaly
0.29,tcp,http,SF,369,266,0,0,0,32,7,0.0055,0.0,0.756,0.2593,131,230,normal
0.12,tcp,http,SF,52,2167,0,0,0,10,11,0.0401,0.0335,0.939,0.058,1,102,normal
4.23,udp,http,SF,12,252,0,0,0,32,10,0.0767,0.0,0.8767,0.1473,32,224,normal
0.45,tcp,http,SF,293,2369,0,0,0,4,3,0.0174,0.0081,0.9205,0.0615,39,141,normal
2.88,tcp,http,SF,189,684,0,0,0,29,19,0.0416,0.0077,0.9563,0.1291,85,246,normal
17.47,icmp,domain_u,REJ,4615,611,0,0,1,103,40,0.3762,0.4661,0.2131,0.8161,130,2,anomaly
2.22,udp,http,RSTO,32,1682,0,0,1,20,17,0.0001,0.0006,0.6906,0.2741,202,216,normal
0.28,tcp,private,SH,101,223,0,0,0,7,29,0.1863,0.0021,0.752,0.2981,159,236,normal
2.59,tcp,domain_u,SF,194,1732,0,0,0,1,2,0.0414,0.0102,0.9289,0.0133,146,209,normal
34.02,tcp,eco_i,S0,6906,10865,0,1,3,36,11,0.6861,0.1262,0.3552,0.6021,135,56,anomaly
25.61,tcp,other,SH,12975,20,0,0,2,180,20,0.7172,0.4393,0.1002,0.8597,5,11,anomaly
0.62,tcp,ftp_data,REJ,1685,1470,0,0,0,9,4,0.3304,0.0001,0.8197,0.2467,157,200,normal
0.46,udp,private,SF,71,1510,0,0,1,23,26,0.0434,0.0,0.6949,0.2962,196,215,normal
9.91,icmp,private,SF,4458,47,0,0,2,207,114,0.3558,0.2877,0.1508,0.8177,46,57,anomaly
1.07,tcp,smtp,SF,259,2833,0,0,0,26,12,0.0124,0.0003,0.9867,0.0215,184,153,normal
1.46,udp,other,SF,372,44,0,0,6,102,77,0.2699,0.8986,0.2961,0.731,3,8,anomaly
1.62,udp,private,S0,13792,13,0,0,1,150,75,0.4511,0.2708,0.1392,0.9403,141,10,anomaly
0.97,tcp,http,SF,885,26183,0,0,0,26,9,0.2018,0.1089,0.7816,0.1435,67,124,normal
0.68,udp,http,SF,349,81,0,0,0,19,6,0.0026,0.0295,0.8276,0.2355,72,190,normal
0.26,tcp,eco_i,REJ,30,59,0,0,4,32,78,0.7641,0.8795,0.2961,0.6005,178,51,anomaly
3.47,tcp,http,SF,241,1270,0,0,0,5,14,0.0271,0.3424,0.8945,0.1508,115,223,normal
0.27,tcp,http,SF,184,114,0,0,0,6,24,0.0076,0.0,0.8784,0.1798,132,161,normal
10.85,tcp,eco_i,S0,2156,18,0,0,0,160,75,0.7277,0.731,0.2132,0.8475,170,40,anomaly
9.3,icmp,domain_u,SF,750,419,0,0,5,94,61,0.6667,0.9332,0.1211,0.9073,99,58,anomaly
41.61,icmp,eco_i,S0,628,1,3,0,0,238,164,0.8004,0.6775,0.3609,0.5858,76,29,anomaly
7.94,icmp,domain_u,SH,210,3,0,0,1,131,54,0.9347,0.5929,0.0139,1.0,24,21,anomaly
4.03,tcp,http,SF,255,449,0,0,0,14,19,0.014,0.0074,0.873,0.0736,102,215,normal
0.49,tcp,http,SF,1232,20,0,0,0,25,3,0.0551,0.0,0.8978,0.0552,19,214,normal
22.07,udp,eco_i,SF,415,1,0,0,4,142,154,0.3897,0.4894,0.0118,0.9654,247,5,anomaly
69.12,icmp,smtp,S0,971,5833,0,0,2,40,45,0.4398,0.6703,0.2457,0.736,100,24,anomaly
1.39,tcp,http,SF,317,1086,0,0,0,36,9,0.0315,0.0113,0.8016,0.2105,227,243,normal
4.63,tcp,private,S0,1669,87,0,0,2,26,146,0.442,0.6892,0.3545,0.6108,82,56,anomaly
3.36,icmp,http,SF,397,574,0,0,0,37,20,0.0042,0.0,0.9512,0.0653,40,245,normal
1.13,tcp,http,SF,27,2241,0,0,0,37,7,0.0465,0.0,0.841,0.0904,248,208,normal
1.66,tcp,http,S0,170,8159,0,0,0,7,4,0.0272,0.0096,0.9957,0.0063,127,117,normal
2.67,udp,eco_i,SF,41,970,0,0,0,18,10,0.0056,0.0766,0.9279,0.0584,34,235,normal
0.24,tcp,http,SF,1134,1777,0,0,0,20,21,0.0741,0.0731,0.8875,0.1632,217,128,normal
0.06,tcp,http,SF,227,1089,0,0,0,2,14,0.1239,0.0002,0.8915,0.1642,124,248,normal
3.17,tcp,eco_i,SF,194,3060,0,0,0,26,25,0.0428,0.0021,0.9229,0.0686,7,153,normal
13.9,tcp,http,RSTO,52026,324,0,0,1,27,134,0.8815,0.454,0.0363,0.8658,75,22,anomaly
35.66,udp,eco_i,REJ,3584,10,0,0,2,160,65,0.5918,0.3841,0.0149,0.9114,38,29,anomaly
3.74,icmp,eco_i,S0,83660,2,0,1,3,161,59,0.919,0.7963,0.1402,0.916,147,3,anomaly
20.02,icmp,other,SF,86,2,0,0,0,161,22,0.7925,0.7418,0.0599,0.9329,227,5,anomaly
0.05,udp,http,SF,164,247,0,0,0,17,34,0.0825,0.0037,0.9132,0.1743,45,188,normal
0.48,tcp,http,SF,30,517,0,0,0,25,3,0.0739,0.0425,0.9828,0.0621,148,250,normal
0.88,icmp,http,S0,3067,1,0,0,2,213,46,0.3097,0.6462,0.0443,0.9685,219,48,anomaly
0.82,tcp,http,RSTO,196,85,0,0,0,27,15,0.0077,0.0032,0.8616,0.1448,223,160,normal
17.45,tcp,eco_i,S0,1753,28,0,0,1,170,136,0.8403,0.6414,0.003,0.9396,217,53,anomaly
6.08,tcp,http,SF,41,653,0,0,0,26,8,0.0386,0.0008,0.7714,0.1971,120,210,normal
20.84,icmp,eco_i,S0,1179,1651,0,0,5,161,63,0.3497,0.5532,0.0902,0.9307,130,53,anomaly
0.26,tcp,ftp_data,SF,216,280,0,0,0,14,2,0.0994,0.0,0.8962,0.0865,221,228,normal
41.66,tcp,eco_i,REJ,189,252,0,0,1,223,64,0.7802,0.5384,0.5261,0.4973,37,9,anomaly
1.09,udp,http,SF,396,269,0,0,0,12,22,0.0495,0.0017,0.9137,0.1378,31,135,normal
31.03,icmp,private,SH,10359,37,3,0,1,97,152,0.5946,0.3809,0.2577,0.7333,239,11,anomaly
3.82,tcp,http,SF,423,1826,0,0,0,37,28,0.0398,0.0001,0.948,0.0304,42,122,normal
1.49,udp,http,S0,58,1,1,0,3,43,120,0.7733,0.6827,0.5255,0.4296,6,38,anomaly
9.01,icmp,ftp_data,REJ,883,1370,0,0,3,190,154,0.7148,0.8014,0.2648,0.777,110,45,anomaly
1.85,tcp,private,SF,487,401,0,0,1,25,26,0.0494,0.0,0.7245,0.3132,213,172,normal
10.77,tcp,other,S0,19017,16,0,0,1,113,164,0.9618,0.8071,0.3331,0.7762,225,28,anomaly
7.9,icmp,private,SF,563,3208,0,0,0,61,51,0.5296,0.8606,0.0459,0.963,137,23,anomaly
1.75,tcp,http,SF,741,1914,0,0,0,2,31,0.3808,0.0003,0.9836,0.0116,202,159,normal
0.12,icmp,private,S0,1919,15,0,0,2,74,159,0.9765,0.6918,0.2391,0.7842,252,2,anomaly
2.6,icmp,other,RSTO,503,3,0,0,2,190,48,0.3832,0.2292,0.1395,0.8461,86,18,anomaly
8.11,udp,private,RSTO,35154,153,0,0,3,162,162,0.7812,0.3203,0.0326,0.9232,223,16,anomaly
2.3,tcp,ftp_data,SF,2880,139,0,0,0,17,7,0.0,0.1103,0.8488,0.1556,181,218,normal
0.91,tcp,http,RSTO,1558,1316,0,0,1,6,25,0.0832,0.001,0.928,0.0949,139,199,normal
6.63,icmp,private,REJ,24,34,0,0,1,56,60,0.1811,0.1822,0.442,0.5842,118,17,anomaly
15.05,udp,domain_u,S0,1700,16,0,0,2,91,155,0.4381,0.8968,0.1095,0.9127,83,48,anomaly
1.6,tcp,http,SF,68,8223,0,0,1,39,22,0.0822,0.0036,0.8663,0.1869,105,231,normal
4.26,icmp,eco_i,SF,104,28,1,0,1,191,58,0.4483,0.5489,0.0472,0.9789,204,47,anomaly
0.48,udp,http,SF,215,4395,0,0,0,24,13,0.1081,0.0001,0.758,0.2556,244,236,normal
0.57,icmp,http,SF,1680,767,0,0,0,18,21,0.0236,0.0149,0.8785,0.0582,230,187,normal
0.19,tcp,ftp_data,SF,206,198,0,0,0,30,23,0.1661,0.0146,0.9551,0.0572,16,163,normal
0.48,icmp,http,SF,352,610,0,0,0,1,33,0.0252,0.0072,0.8756,0.1159,13,188,normal
5.58,icmp,private,SF,6803,7,0,0,3,223,141,0.9445,0.2405,0.2857,0.6582,166,24,anomaly
0.91,udp,http,SF,151,6887,0,0,1,29,29,0.2451,0.0,0.9285,0.0966,141,104,normal
3.01,tcp,private,SF,226,431,0,0,2,89,142,0.4654,0.508,0.1037,0.9222,143,37,anomaly
18.2,tcp,eco_i,RSTO,9283,122,0,0,3,197,14,0.673,0.4378,0.2625,0.7588,18,49,anomaly
2.7,udp,private,S0,3995,148,3,0,2,101,162,0.8589,0.3472,0.1361,0.8917,144,30,anomaly
1.74,tcp,http,SF,122,32,0,0,2,17,31,0.1248,0.0004,0.9586,0.0476,169,183,normal
0.15,udp,http,SF,565,1607,0,0,0,2,14,0.0152,0.0007,0.9283,0.0593,50,239,normal
0.12,tcp,other,S0,6099,22,1,0,0,173,176,0.6798,0.3616,0.1326,0.9559,106,16,anomaly
1.06,tcp,eco_i,S0,399,45,0,0,1,104,47,0.7034,0.4609,0.2303,0.7771,108,20,anomaly
0.68,tcp,smtp,SF,1139,417,0,0,0,1,22,0.0305,0.0186,0.9901,0.0,197,106,normal
17.71,tcp,private,S0,32659,126,0,0,2,27,155,0.843,0.2659,0.4782,0.4004,219,47,anomaly
29.6,udp,other,S0,482,191,0,0,5,196,136,0.4674,0.6488,0.5327,0.5276,128,28,anomaly
23.13,tcp,eco_i,RSTO,78,190,0,0,2,27,144,0.816,0.7546,0.0728,0.8355,194,21,anomaly
13.79,udp,other,S0,220,498,0,0,1,162,128,0.8057,0.1844,0.3154,0.6574,41,41,anomaly
0.65,tcp,eco_i,REJ,13208,112,0,0,2,240,53,0.725,0.4943,0.3958,0.5434,114,45,anomaly
0.89,tcp,http,SF,134,848,0,0,0,27,30,0.0613,0.029,0.9112,0.0737,120,247,normal
22.41,udp,domain_u,SF,1397,1066,0,0,2,138,145,0.8299,0.9895,0.0603,0.9591,27,48,anomaly
19.26,udp,ftp_data,SH,653,10,0,0,2,194,128,0.9792,0.82,0.0496,0.9172,187,9,anomaly
1.7,tcp,http,SF,590,531,0,0,0,35,1,0.0621,0.0,1.0,0.0,65,139,normal
2.22,tcp,http,SF,1279,3528,0,0,0,4,15,0.0376,0.0314,0.9886,0.0478,127,251,normal
0.96,tcp,http,SF,75,1334,0,0,2,7,25,0.0096,0.003,0.9148,0.2168,142,184,normal
15.59,udp,eco_i,S0,419,1,0,0,0,41,166,0.9587,0.0647,0.0716,0.9554,163,46,anomaly
47.41,udp,domain_u,S0,300,173,0,0,1,176,13,0.8525,0.3966,0.1928,0.7615,23,43,anomaly
3.37,tcp,http,RSTO,419,13721,0,0,0,17,16,0.0123,0.0,0.7448,0.2988,235,130,normal
3.07,tcp,http,S0,853,931,0,0,0,204,129,0.6389,0.6726,0.1748,0.9124,22,55,anomaly
2.77,tcp,smtp,SF,405,407,0,0,1,37,21,0.3075,0.1003,0.6292,0.424,27,237,normal
18.87,tcp,domain_u,S0,2895,33,0,0,2,73,69,0.8372,0.749,0.2078,0.715,178,53,anomaly
2.48,udp,private,S0,1,903,0,0,5,35,116,0.3166,0.3146,0.3522,0.6742,25,58,anomaly
0.83,tcp,eco_i,S0,359,1733,0,0,1,30,76,0.8854,0.7918,0.5112,0.4659,98,24,anomaly
0.78,udp,private,SF,166,1414,0,0,0,33,6,0.0149,0.0001,0.9876,0.0151,182,129,normal
2.62,tcp,private,SF,249,406,0,0,0,12,32,0.0651,0.0,0.9794,0.0019,177,156,normal
0.39,udp,http,SF,730,1957,0,0,0,19,1,0.2188,0.0686,0.9382,0.0989,91,115,normal
1.11,tcp,smtp,SF,1695,858,0,0,0,5,30,0.0808,0.2207,0.9343,0.0481,227,121,normal
22.11,tcp,other,S0,35956,28,0,0,0,196,99,0.8869,0.8263,0.1745,0.8963,85,33,anomaly
9.71,udp,domain_u,S0,131,1344,0,0,2,83,107,0.76,0.3149,0.2651,0.7347,103,57,anomaly
27.83,icmp,ftp_data,S0,3976,0,0,0,2,169,65,0.5866,0.4572,0.5874,0.4014,131,17,anomaly
31.28,icmp,smtp,SF,363,19,0,1,1,66,170,0.5574,0.4623,0.7192,0.3094,153,54,anomaly
0.11,udp,http,REJ,659,167,0,0,0,79,140,0.864,0.54,0.1987,0.8191,239,2,anomaly
0.94,icmp,eco_i,S0,363,171,0,0,0,58,132,0.879,0.3574,0.6747,0.3553,68,31,anomaly
3.46,udp,private,SF,418,1607,0,0,2,172,69,0.9671,0.4612,0.3165,0.6768,57,59,anomaly
13.28,udp,other,S0,418246,1092,0,1,2,165,9,0.4136,0.2922,0.5055,0.5612,15,31,anomaly
2.9,tcp,smtp,SF,264,267,0,0,1,35,11,0.0511,0.0197,0.9281,0.1214,195,242,normal
0.64,tcp,eco_i,SF,485,543,0,0,0,22,27,0.0114,0.1989,0.8398,0.1596,139,137,normal
5.42,tcp,http,SF,92,2162,0,0,0,4,17,0.0752,0.0001,0.6218,0.4193,92,228,normal
2.51,tcp,eco_i,SF,73,560,0,0,3,236,47,0.9462,0.6857,0.206,0.7809,3,37,anomaly
19.62,udp,private,S0,3983,5046,0,0,2,30,30,0.5214,0.1625,0.2401,0.7884,125,37,anomaly
0.06,tcp,http,RSTO,1059,12576,0,0,0,36,21,0.0879,0.0627,0.7821,0.2592,244,184,normal
3.75,icmp,private,REJ,328,71,3,0,1,32,166,0.9269,0.5105,0.3468,0.6657,18,7,anomaly
8.19,icmp,other,SF,12465,24,0,0,0,232,134,0.573,0.1621,0.5712,0.3878,110,53,anomaly
0.16,tcp,smtp,SF,340,1157,0,0,0,29,6,0.4072,0.0,0.7755,0.1648,181,244,normal
1.84,tcp,http,SF,39,374,0,0,1,1,4,0.2101,0.0139,0.9462,0.0685,9,224,normal
8.38,icmp,other,S0,784,3,0,0,3,66,158,0.5227,0.3966,0.0482,0.9156,127,30,anomaly
3.06,tcp,http,S0,194,624,0,0,1,4,13,0.0054,0.0474,0.9909,0.0618,79,175,normal
7.0,udp,private,S0,877,3,3,0,0,70,80,0.7692,0.5202,0.2846,0.64,104,42,anomaly
0.2,tcp,http,SF,118,169,0,0,1,8,26,0.0643,0.0001,0.8962,0.1696,72,202,normal
8.85,udp,eco_i,S0,47,51,0,0,1,196,91,0.4667,0.4021,0.1361,0.8664,168,26,anomaly
10.57,icmp,http,REJ,29,108,0,0,2,23,110,0.8122,0.5873,0.027,0.9303,184,11,anomaly
0.1,tcp,eco_i,SF,2162,12,0,0,2,159,137,0.9645,0.7207,0.3278,0.6497,14,1,anomaly
17.18,tcp,other,SF,746,791,0,0,2,41,13,0.979,0.2697,0.014,0.9758,102,57,anomaly
0.76,tcp,other,SF,153,7363,0,0,0,14,24,0.0067,0.0408,0.846,0.1781,189,195,normal
0.61,tcp,http,SF,146,392,0,0,0,31,25,0.2544,0.0158,0.993,0.0,13,153,normal
0.4,tcp,http,SF,32,1904,0,0,0,5,32,0.0206,0.0,0.9466,0.0054,231,244,normal
16.87,tcp,ftp_data,S0,43,7397,0,0,0,209,117,0.8771,0.4324,0.0274,0.9564,251,13,anomaly
37.26,icmp,private,S0,107900,126,0,0,1,180,14,0.8554,0.8141,0.0158,0.9827,175,17,anomaly
3.3,tcp,eco_i,S0,246,22,3,1,1,113,82,0.8787,0.6501,0.3144,0.7214,74,50,anomaly
0.45,tcp,http,SF,404,129,0,0,0,4,21,0.0103,0.0045,0.9142,0.0992,108,100,normal
4.45,tcp,http,SF,539,24,0,0,0,5,32,0.0122,0.0014,0.9191,0.0614,222,139,normal
0.28,tcp,http,REJ,323,448,0,0,0,20,2,0.0046,0.0036,0.9791,0.0327,133,143,normal
5.06,icmp,http,SF,808,3894,0,0,1,6,20,0.1939,0.0081,0.9198,0.0884,86,135,normal
5.28,udp,domain_u,RSTO,4748,1,0,0,1,105,173,0.9869,0.243,0.0855,0.902,99,38,anomaly
0.98,tcp,http,SF,172,1901,0,0,0,17,18,0.0551,0.0173,0.7095,0.2963,5,138,normal
0.61,tcp,http,S0,140,160,0,0,0,3,11,0.1704,0.0013,0.8922,0.0002,250,225,normal
5.86,udp,private,RSTO,37794,1968,0,0,3,112,91,0.9315,0.6096,0.4869,0.5597,140,55,anomaly
1.27,tcp,http,SF,487,1923,0,0,1,36,31,0.0365,0.0,0.9808,0.0466,163,120,normal
0.86,tcp,smtp,SF,1310,247,0,0,0,26,30,0.167,0.0,0.7593,0.3156,85,186,normal
0.07,udp,eco_i,SF,337,3,1,0,0,56,121,0.9349,0.5048,0.034,0.9254,154,15,anomaly
1.98,tcp,http,SF,128,357,0,0,0,34,2,0.136,0.0022,0.9898,0.0388,129,112,normal
25.57,icmp,other,SF,2402,101,3,0,1,27,103,0.9192,0.7406,0.2992,0.6056,241,55,anomaly
0.97,tcp,http,SF,471,586,0,0,4,198,52,0.5745,0.6957,0.0903,0.8215,138,9,anomaly
14.72,icmp,eco_i,S0,6807,1,3,1,3,93,41,0.7166,0.7551,0.1693,0.8189,166,45,anomaly
1.41,tcp,http,SF,755,6888,0,0,0,16,28,0.0703,0.099,0.7308,0.2403,152,155,normal
3.79,udp,eco_i,SF,6528,54,0,1,0,193,9,0.6245,0.6908,0.1902,0.8622,116,44,anomaly
0.69,tcp,http,SF,54,236,0,0,0,18,5,0.3649,0.0062,0.9451,0.1138,223,209,normal
1.0,icmp,smtp,SF,74,585,0,0,0,36,32,0.3159,0.0536,0.9662,0.098,237,185,normal
0.56,tcp,http,SF,339,594,0,0,0,35,30,0.1813,0.0439,0.7929,0.237,47,231,normal
34.15,udp,private,SF,1665,12,0,0,1,175,112,0.8171,0.0586,0.4911,0.5409,87,56,anomaly
0.36,tcp,http,S0,65,29342,0,0,0,18,10,0.343,0.0539,0.9979,0.0,85,152,normal
0.17,tcp,http,SF,258,1160,0,0,0,21,10,0.158,0.0012,0.8407,0.2293,2,138,normal
13.27,udp,smtp,S0,3529,6,0,1,1,126,101,0.9769,0.6537,0.4735,0.5891,117,9,anomaly
1.62,tcp,smtp,SF,61,295,0,0,0,5,16,0.002,0.0827,0.8518,0.0792,95,181,normal
4.51,tcp,eco_i,SF,921,37,0,0,1,23,26,0.183,0.0,0.8552,0.1682,124,237,normal
1.96,tcp,http,SF,156,406,0,0,0,30,21,0.0216,0.0973,0.977,0.0,130,150,normal
0.08,tcp,http,SF,1107,34,0,0,0,27,30,0.0002,0.0046,0.7973,0.2952,158,217,normal
3.23,tcp,smtp,SF,129,180,0,0,0,15,5,0.2045,0.005,0.9548,0.0,153,158,normal
2.98,tcp,http,SF,71,68,0,0,0,14,10,0.0047,0.0001,0.7041,0.3005,113,125,normal
4.31,udp,private,REJ,314,408,0,0,2,30,44,0.9288,0.2731,0.0223,0.987,83,23,anomaly
1.32,udp,http,SF,218,666,0,0,0,34,11,0.2957,0.0633,0.76,0.2373,190,214,normal
5.6,tcp,http,SF,154,1048,0,0,0,26,7,0.0012,0.0009,0.8586,0.2488,254,102,normal
16.59,icmp,private,S0,1176,35,0,0,4,112,135,0.9673,0.2798,0.7194,0.3651,1,21,anomaly
3.54,tcp,http,SF,365,82,0,0,0,31,8,0.0096,0.0001,0.9734,0.0,101,197,normal
1.5,icmp,eco_i,SF,13210,1,0,0,2,24,94,0.8212,0.511,0.3411,0.6833,220,26,anomaly
0.32,udp,http,SF,226,11889,0,0,0,4,16,0.0951,0.0098,0.6387,0.3607,191,164,normal
0.87,icmp,http,SF,31,1229,0,0,0,24,3,0.1518,0.0677,0.8099,0.2318,212,100,normal
1.32,tcp,http,SF,392,351,0,0,1,31,32,0.1558,0.0375,0.9367,0.0739,187,187,normal
2.54,tcp,domain_u,SF,220,78,0,0,0,19,21,0.0688,0.0,0.8026,0.1568,112,217,normal
6.67,tcp,http,SF,1690,170,0,0,0,11,18,0.093,0.1373,0.9592,0.0,54,156,normal
0.74,tcp,http,SF,79,1312,0,0,0,29,11,0.0226,0.0835,0.7304,0.2495,197,223,normal
0.07,tcp,smtp,SF,28,3327,0,0,1,5,8,0.0705,0.0111,0.9767,0.0173,183,110,normal
2.42,tcp,http,SF,514,984,0,0,0,18,12,0.0006,0.1391,0.9886,0.0211,94,166,normal
1.39,tcp,http,SF,371,2208,0,0,1,3,2,0.1802,0.0069,0.8678,0.1037,215,154,normal
0.33,udp,ftp_data,SF,73,1923,0,0,0,11,22,0.0386,0.0006,0.9337,0.1516,42,185,normal
1.02,tcp,ftp_data,SF,39,1422,0,0,0,21,9,0.0184,0.0008,0.9404,0.0864,219,140,normal
2.03,tcp,ftp_data,SF,1548,248,0,0,0,30,14,0.0784,0.0,0.8185,0.2252,53,204,normal
4.42,udp,smtp,S0,108,11752,0,0,2,147,96,0.9358,0.7737,0.061,0.9321,234,19,anomaly
1.04,tcp,smtp,SF,12,186,0,0,0,25,11,0.0012,0.0006,0.7788,0.1694,65,124,normal
17.33,tcp,private,REJ,9911,0,0,0,5,243,44,0.9962,0.5422,0.2388,0.8054,137,8,anomaly
3.42,icmp,private,S0,10761,14,0,0,2,197,5,0.6316,0.4137,0.0612,0.8892,114,6,anomaly
1.63,tcp,eco_i,SF,138,8252,0,0,0,26,25,0.0012,0.0004,0.9333,0.0,199,252,normal
1.29,udp,ftp_data,S0,486,19,0,0,3,120,143,0.6209,0.6593,0.2805,0.7477,51,8,anomaly
15.65,icmp,eco_i,SF,13215,1314,0,0,0,105,171,0.9553,0.5133,0.4538,0.5084,218,57,anomaly
1.97,tcp,http,SF,64,6136,0,0,0,27,25,0.1081,0.0009,0.9606,0.0227,118,228,normal
0.42,tcp,other,SF,32,2076,0,0,1,38,23,0.0273,0.0377,0.8703,0.1644,16,245,normal
8.36,tcp,http,S0,42267,59,0,0,5,152,51,0.7594,0.1306,0.4589,0.4946,181,19,anomaly
15.51,tcp,private,S0,1643,6,0,0,2,240,25,0.6633,0.4219,0.378,0.5419,70,52,anomaly
0.51,tcp,http,SF,329,4663,0,0,0,19,31,0.0733,0.0007,0.8058,0.2552,190,223,normal
1.49,tcp,other,SF,709,130,0,0,0,9,26,0.0104,0.0,0.8902,0.1069,234,176,normal
0.19,tcp,http,SF,43,83,0,0,0,18,11,0.0022,0.0,0.917,0.1459,37,219,normal
1.6,tcp,http,SF,81,659,0,0,0,29,30,0.2233,0.0,0.7207,0.3106,189,159,normal
20.47,tcp,other,REJ,1102,2,0,0,1,76,125,0.9753,0.5685,0.3848,0.648,185,38,anomaly
0.0,tcp,ftp_data,SF,464,4213,0,0,0,23,3,0.5686,0.0,0.9789,0.0293,173,139,normal
0.2,tcp,smtp,SF,117,4151,0,0,0,30,21,0.1427,0.0,0.9072,0.1009,76,244,normal
14.17,udp,http,S0,6871,1,0,0,0,21,126,0.9306,0.3658,0.2931,0.7636,88,39,anomaly
3.03,tcp,eco_i,SF,1041,381,0,0,0,37,22,0.0046,0.0,0.9163,0.1244,126,240,normal
0.4,tcp,http,SF,338,597,0,0,0,37,18,0.0963,0.0001,0.988,0.0,17,171,normal
6.37,tcp,private,RSTO,993,2288,1,1,1,88,41,0.8768,0.6081,0.2414,0.7832,254,51,anomaly
1.79,tcp,domain_u,SH,153,90,0,0,2,152,86,0.5142,0.6017,0.0943,0.8748,121,5,anomaly
5.31,udp,ftp_data,SF,345,1537,0,0,1,16,29,0.3604,0.0001,0.8726,0.1118,130,139,normal
0.7,tcp,http,SF,195,513,0,0,0,13,11,0.2591,0.0424,0.9671,0.0613,223,164,normal
1.72,icmp,http,SF,755,2737,0,0,0,8,1,0.0396,0.0,0.973,0.0,37,131,normal
0.1,udp,eco_i,SH,39,1298,0,0,0,25,16,0.2028,0.0041,0.8917,0.1156,182,207,normal
0.76,tcp,http,SF,41,268,0,0,0,2,25,0.0,0.0204,0.8934,0.1256,170,109,normal
4.98,tcp,http,SF,304,4928,0,0,1,30,18,0.0286,0.0,0.9096,0.0734,29,207,normal
1.16,tcp,http,SF,136,87,0,0,0,3,16,0.024,0.0,0.8707,0.1653,65,214,normal
0.51,tcp,http,SF,115,579,0,0,0,23,19,0.05,0.0293,0.8079,0.1701,236,242,normal
0.19,tcp,smtp,SF,29,2837,0,0,0,29,16,0.0006,0.0,0.876,0.1712,206,230,normal
1.82,tcp,ftp_data,SF,250,225,0,0,0,30,5,0.0048,0.0002,0.9085,0.0981,119,236,normal
1.55,tcp,smtp,S0,230,1058,0,0,0,11,27,0.222,0.1235,0.8599,0.1488,168,235,normal
0.7,tcp,http,SH,536,1503,0,0,0,21,6,0.0,0.0063,0.9766,0.0,113,173,normal
4.52,tcp,http,SF,266,183,0,0,0,27,34,0.0659,0.0306,0.7906,0.1977,11,223,normal
6.34,tcp,eco_i,S0,1815,14,0,0,2,191,150,0.4607,0.1147,0.3462,0.6635,186,2,anomaly
27.46,icmp,domain_u,S0,2288,5,0,0,4,52,42,0.7688,0.6684,0.3843,0.6669,224,8,anomaly
27.19,udp,eco_i,SH,64,0,3,0,1,213,30,0.4483,0.723,0.1273,0.8566,20,46,anomaly
13.89,icmp,other,REJ,408670,2370,0,0,1,156,170,0.974,0.4401,0.4231,0.6279,194,38,anomaly
0.44,tcp,http,SF,33,212,0,0,0,1,20,0.3451,0.1045,0.994,0.0,159,155,normal
1.15,tcp,smtp,SF,89,3003,0,0,0,8,19,0.002,0.0017,0.8457,0.171,133,249,normal
2.6,tcp,private,SF,57,369,0,0,0,34,29,0.0017,0.0091,0.9516,0.023,96,203,normal
4.64,udp,other,S0,7471,620,0,0,1,234,153,0.9055,0.219,0.252,0.8252,50,18,anomaly
2.36,udp,eco_i,SF,1365,78,0,0,4,156,149,0.9647,0.784,0.1115,0.9567,137,23,anomaly
2.38,tcp,http,SF,241,1761,0,0,0,4,18,0.1127,0.0496,0.7803,0.234,41,230,normal
0.3,tcp,http,SF,65,2646,0,0,0,19,5,0.022,0.0597,0.9712,0.0021,10,235,normal
1.87,udp,http,SF,171,6928,0,0,0,29,12,0.0793,0.0838,0.9149,0.0093,245,232,normal
0.73,tcp,smtp,SF,98,55153,0,0,0,3,10,0.0,0.0834,0.9841,0.0348,181,190,normal
1.74,icmp,private,SH,30886,35,0,0,1,178,29,0.8956,0.6848,0.5439,0.4665,100,44,anomaly
4.21,udp,other,S0,3251,5,0,0,2,78,173,0.762,0.4761,0.3899,0.653,177,6,anomaly
4.94,tcp,http,SF,1207,1312,0,0,0,39,4,0.0325,0.0193,0.928,0.0,154,224,normal
7.0,icmp,other,S0,29256,37,0,0,0,42,170,0.9791,0.935,0.1278,0.8793,108,23,anomaly
5.11,tcp,http,SF,1889,123,0,0,4,234,29,0.9865,0.803,0.1275,0.8939,67,52,anomaly
0.98,tcp,http,SF,1831,95,0,0,0,25,12,0.0004,0.0216,0.7075,0.2474,36,245,normal
0.71,udp,eco_i,SF,145,23214,0,0,2,24,18,0.0238,0.0866,0.9847,0.0211,151,229,normal
0.68,tcp,eco_i,S0,51,2402,0,0,0,26,8,0.1549,0.0042,0.963,0.0007,94,170,normal
0.08,tcp,smtp,SF,318,53,0,0,0,26,32,0.0175,0.0,0.8745,0.0842,167,213,normal
1.74,udp,domain_u,SF,138,230,0,0,0,17,20,0.1101,0.0001,0.975,0.0,59,117,normal
0.86,udp,smtp,RSTO,90,2262,0,0,0,27,13,0.0218,0.0001,0.9949,0.0,23,207,normal
0.32,tcp,ftp_data,SF,66,3884,0,0,0,29,23,0.1643,0.0189,0.9656,0.0963,23,189,normal
2.54,tcp,http,RSTO,6782,99,0,0,0,39,3,0.0027,0.0013,0.8451,0.1388,171,243,normal
19.78,icmp,private,RSTO,135,6,0,0,1,179,116,0.2901,0.957,0.0811,0.8767,100,26,anomaly
1.0,tcp,http,SF,24,36,0,0,0,14,7,0.0769,0.1241,0.9985,0.0421,25,202,normal
0.53,tcp,http,SF,1469,582,0,0,0,5,26,0.039,0.0167,0.7332,0.3182,84,193,normal
1.52,tcp,http,SF,509,3527,0,0,0,30,23,0.0761,0.0146,0.8857,0.1552,60,252,normal
23.49,tcp,domain_u,REJ,6091,2988,0,0,2,116,56,0.5909,0.8808,0.3324,0.7361,102,9,anomaly
0.4,icmp,http,SF,80,69,0,0,0,37,2,0.1356,0.0003,0.9474,0.0622,161,163,normal
1.97,tcp,http,SF,549,828,0,0,0,8,2,0.2197,0.0,0.9626,0.0452,161,241,normal
9.72,tcp,smtp,S0,326977,0,0,0,1,88,15,0.7219,0.4964,0.2827,0.6821,230,42,anomaly
9.0,tcp,other,SF,58,2828,1,0,2,83,72,0.9023,0.5663,0.149,0.9209,193,9,anomaly
12.79,tcp,private,SF,7242,398,0,0,1,22,125,0.9672,0.7591,0.5726,0.4228,47,36,anomaly
0.25,tcp,eco_i,SF,145,209,0,0,0,33,8,0.0322,0.0,0.8704,0.1144,33,190,normal
0.11,tcp,http,SF,1472,32,0,0,0,6,16,0.2311,0.0,0.8954,0.0849,38,134,normal
4.44,udp,private,SF,1201,2824,0,0,1,115,61,0.9651,0.6858,0.0277,1.0,152,40,anomaly
14.22,udp,other,SF,1011,491,0,0,0,15,78,0.3242,0.6469,0.0108,0.9934,201,59,anomaly
0.2,udp,eco_i,S0,4395,1590,0,0,2,109,68,0.9868,0.467,0.3535,0.656,95,2,anomaly
5.6,tcp,other,S0,9242,7985,0,0,3,21,15,0.7181,0.7921,0.0359,0.9479,102,4,anomaly
4.13,udp,http,SF,26,3104,0,0,1,1,23,0.0004,0.0217,0.9633,0.0268,49,206,normal
9.41,udp,private,S0,14474,1,0,0,5,125,129,0.9317,0.3821,0.4429,0.5497,220,31,anomaly
0.68,tcp,ftp_data,S0,394,995,0,0,0,19,1,0.2372,0.0037,0.7741,0.297,215,122,normal
3.1,tcp,http,SF,140,1002,0,0,0,32,7,0.012,0.0925,0.8657,0.0442,30,103,normal
0.75,icmp,eco_i,SF,169,109,0,0,0,30,21,0.0006,0.0181,0.9757,0.0467,210,195,normal
0.61,tcp,http,SF,965,14543,0,0,0,1,16,0.0005,0.0365,0.6896,0.3648,247,103,normal
0.35,tcp,http,SF,278,328,0,0,1,32,14,0.0245,0.0003,0.9548,0.0,58,190,normal
0.71,tcp,eco_i,SF,89,1780,0,0,0,20,2,0.0,0.0,0.8364,0.1601,218,222,normal
16.21,tcp,other,REJ,332275,411,0,0,0,215,62,0.2789,0.5756,0.2928,0.7563,116,22,anomaly
1.7,tcp,http,RSTO,310,539,0,0,1,19,9,0.1568,0.0088,0.9687,0.0,97,179,normal
5.27,tcp,other,S0,2037,540,0,0,2,78,147,0.9966,0.3858,0.4662,0.5472,187,37,anomaly
1.29,tcp,smtp,SF,409,962,0,0,0,28,10,0.0,0.0107,0.65,0.3034,121,201,normal
0.1,tcp,http,SF,392,79,0,0,0,32,24,0.0233,0.0088,0.9928,0.0088,144,119,normal
0.32,tcp,http,SF,251,404,0,0,0,30,33,0.0303,0.0,0.681,0.3829,221,147,normal
0.78,tcp,http,SF,713,265,0,0,0,23,34,0.1839,0.0654,0.8828,0.202,144,126,normal
4.15,udp,http,REJ,109,333,0,0,0,27,20,0.037,0.0695,0.8318,0.181,161,254,normal
0.71,icmp,http,SF,366,94,0,0,0,37,28,0.2018,0.0,0.9357,0.0004,39,124,normal
1.64,tcp,ftp_data,SF,37,3603,0,0,0,26,4,0.0002,0.0002,0.8861,0.0983,46,165,normal
20.44,tcp,other,REJ,735,165,0,0,3,210,85,0.7539,0.0963,0.2863,0.6231,239,9,anomaly
0.2,tcp,http,SF,2550,2884,0,0,1,31,4,0.0051,0.0,0.9137,0.0716,166,200,normal
9.45,tcp,eco_i,RSTO,19676,27,0,1,5,180,16,0.8573,0.5272,0.5648,0.4834,151,54,anomaly
0.55,tcp,http,SF,98,397,0,0,0,10,22,0.0372,0.0006,0.9498,0.0,26,211,normal
28.03,icmp,private,S0,954,16,0,0,0,141,83,0.9755,0.4052,0.7455,0.2441,49,49,anomaly
1.24,icmp,ftp_data,S0,2413,61,0,0,3,151,149,0.3852,0.4661,0.2341,0.7251,81,19,anomaly
3.17,tcp,http,S0,46,1161,0,0,3,60,133,0.3684,0.1232,0.5737,0.5159,102,39,anomaly
0.02,udp,http,SF,406,935,0,0,0,29,19,0.1265,0.0658,0.954,0.066,109,231,normal
1.22,tcp,http,REJ,676,592,0,0,0,25,11,0.0446,0.0361,0.9465,0.096,24,189,normal
0.72,tcp,http,SF,465,4641,0,0,0,32,11,0.0081,0.0,0.9546,0.06,127,170,normal
6.44,tcp,other,S0,2654,61,0,0,1,171,8,0.8559,0.5488,0.5273,0.5108,107,40,anomaly
1.12,udp,domain_u,REJ,1311,559,0,0,1,104,70,0.8298,0.6872,0.1447,0.9094,83,51,anomaly
6.91,tcp,private,SF,596,10,0,0,2,233,94,0.7021,0.4357,0.2493,0.7526,170,50,anomaly
0.52,tcp,http,SF,663,1850,0,0,0,11,34,0.0004,0.1247,0.9919,0.0,126,116,normal
4.13,udp,other,RSTO,56735,53,0,1,0,43,64,0.6723,0.4687,0.0627,0.8905,27,13,anomaly
17.76,udp,other,SF,47979,11,0,0,1,47,101,0.6928,0.097,0.0439,1.0,130,28,anomaly
0.32,tcp,http,SF,845,11445,0,0,0,24,15,0.3493,0.0,0.9157,0.1253,116,117,normal
0.15,udp,http,SF,2461,7727,0,0,0,20,13,0.0176,0.0619,0.8038,0.085,136,105,normal
6.7,udp,eco_i,SF,1266,96,0,0,3,97,64,0.6643,0.502,0.5044,0.4834,79,50,anomaly
10.88,icmp,smtp,S0,2466,43,0,0,1,126,162,0.7685,0.3937,0.1698,0.851,125,45,anomaly
1.13,tcp,ftp_data,S0,815,93,0,0,3,168,159,0.7046,0.6262,0.2494,0.8342,169,42,anomaly
0.67,udp,http,SF,209,372,0,0,0,6,27,0.0178,0.001,0.9916,0.0,141,201,normal
1.13,tcp,private,SF,2447,23,0,0,2,43,78,0.8153,0.707,0.0177,1.0,91,23,anomaly
1.33,tcp,http,REJ,174,10301,0,0,0,29,15,0.0008,0.0041,0.9187,0.0613,150,150,normal
1.12,tcp,http,SF,74,1244,0,0,0,23,5,0.0427,0.0,0.9037,0.0365,119,223,normal
0.34,udp,http,SF,140,3839,0,0,0,5,4,0.0231,0.0001,0.8969,0.1703,47,172,normal
3.04,tcp,eco_i,SF,2889,3879,0,0,1,227,125,0.6043,0.7218,0.2823,0.6695,47,49,anomaly
32.52,icmp,other,RSTO,5991,5,0,0,1,116,71,0.9435,0.3192,0.4747,0.5739,65,17,anomaly
1.34,tcp,smtp,SF,150,2287,0,0,0,32,24,0.0646,0.0542,0.8688,0.0515,197,135,normal
0.15,tcp,ftp_data,REJ,275,34,0,0,0,10,11,0.0561,0.0007,0.993,0.0,157,121,normal
9.94,icmp,private,S0,3190,138,0,0,2,228,10,0.7289,0.4759,0.224,0.8046,79,19,anomaly
1.82,tcp,private,SF,43,2764,0,0,0,11,27,0.0001,0.0022,0.8867,0.1491,118,236,normal
0.05,icmp,private,S0,18605,27,0,0,2,169,14,0.869,0.7322,0.1916,0.8303,30,44,anomaly
1.49,icmp,http,SF,94,111,0,0,0,30,10,0.0838,0.0014,0.9497,0.0996,250,117,normal
0.25,tcp,http,SF,888,17,0,0,0,38,26,0.0143,0.0,0.9479,0.0377,46,189,normal
1.86,tcp,ftp_data,REJ,321,384,0,0,0,34,33,0.0187,0.0,0.8622,0.2074,6,225,normal
1.7,tcp,http,REJ,507,597,0,0,0,28,8,0.3684,0.0436,0.7575,0.2604,134,239,normal
10.13,tcp,http,SF,1228,1978,0,0,1,207,16,0.7793,0.8515,0.0282,1.0,87,16,anomaly
0.8,tcp,http,RSTO,169,824,0,0,0,16,25,0.052,0.0,0.9786,0.0396,52,118,normal
0.61,tcp,http,SF,123,1422,0,0,0,39,13,0.0996,0.0024,0.9902,0.0344,5,123,normal
62.58,udp,other,REJ,1053,29,0,0,6,125,95,0.1974,0.4992,0.0438,0.9062,214,52,anomaly
0.37,tcp,http,REJ,451,19,0,0,0,34,1,0.1954,0.0022,0.9439,0.009,41,143,normal
1.34,udp,ftp_data,SF,195,93,0,0,0,23,9,0.0486,0.0001,0.7081,0.2649,148,193,normal
59.26,tcp,eco_i,S0,7383,10,0,0,1,210,106,0.84,0.4297,0.6465,0.3792,148,13,anomaly
6.29,udp,eco_i,RSTO,1547,10,0,1,1,224,47,0.7568,0.6965,0.339,0.6316,167,22,anomaly
3.82,udp,other,SF,255,1386,0,0,1,18,9,0.0682,0.0284,0.8802,0.105,30,210,normal
9.79,udp,eco_i,SF,877,12,0,0,1,37,105,0.8987,0.5952,0.2304,0.766,48,57,anomaly
4.35,tcp,eco_i,S0,1594,2,0,0,2,243,161,0.8805,0.7456,0.058,1.0,209,38,anomaly
1.46,udp,http,SF,269,407,0,0,0,34,29,0.1846,0.0376,0.9933,0.0368,188,117,normal
0.8,tcp,http,SF,1308,223,0,0,0,11,5,0.0892,0.1058,0.93,0.0,123,208,normal
7.16,tcp,other,S0,820,240,0,0,2,30,15,0.7588,0.6116,0.1372,0.8708,151,33,anomaly
21.76,tcp,smtp,S0,43736,21,0,1,0,187,39,0.9455,0.6158,0.0044,0.9804,104,22,anomaly
5.95,udp,http,SF,202,2380,0,0,1,8,29,0.2034,0.0,0.9595,0.0291,188,163,normal
85.68,udp,domain_u,REJ,304,1307,0,1,1,215,153,0.8068,0.5634,0.2201,0.78,178,15,anomaly
4.06,udp,other,RSTO,2079,1391,0,0,1,147,169,0.9501,0.2648,0.0367,1.0,116,44,anomaly
0.13,tcp,http,SF,508,248,0,0,0,3,27,0.0745,0.0,0.847,0.1124,13,135,normal
0.3,udp,ftp_data,SF,164,87,0,0,1,32,9,0.0004,0.1158,0.8219,0.1883,110,147,normal
2.13,tcp,http,SF,361,252,0,0,0,16,13,0.0336,0.0008,0.9632,0.0513,228,195,normal
4.03,icmp,eco_i,SF,977,309,0,0,2,49,62,0.8016,0.8227,0.4177,0.5712,234,3,anomaly
2.55,tcp,smtp,SF,73,19,0,0,0,28,11,0.385,0.0189,0.9796,0.0,202,156,normal
28.34,udp,other,SF,5338,21,0,1,2,249,32,0.8871,0.7882,0.2312,0.7311,38,25,anomaly
44.31,tcp,other,S0,244,7,0,0,2,229,46,0.6562,0.2497,0.6332,0.3458,39,33,anomaly
3.17,icmp,private,SH,327,8,0,0,2,188,89,0.2026,0.5145,0.01,1.0,103,33,anomaly
1.42,tcp,private,SF,540,316,0,0,0,25,16,0.0184,0.0005,0.9519,0.0302,196,161,normal
4.77,tcp,http,SF,307,2,0,0,3,70,128,0.8433,0.2538,0.4234,0.5717,147,28,anomaly
0.63,tcp,http,SF,152,289,0,0,0,26,11,0.1033,0.0,0.8408,0.1013,180,181,normal
24.48,udp,eco_i,S0,5373,14,0,0,3,245,169,0.7898,0.6345,0.243,0.7332,169,16,anomaly
0.11,tcp,ftp_data,SF,1351,6702,0,0,0,38,2,0.2434,0.0004,0.9986,0.0129,122,155,normal
1.33,tcp,http,SF,1335,2843,0,0,0,3,30,0.185,0.0095,0.8228,0.0938,92,108,normal
6.74,icmp,eco_i,SF,106,53,0,0,3,221,119,0.6877,0.8226,0.0183,1.0,27,43,anomaly
2.03,tcp,http,SF,289,318,0,0,0,14,15,0.129,0.0053,0.9637,0.0066,151,229,normal
1.07,udp,http,SF,928,2049,0,0,0,18,33,0.1014,0.0,0.9067,0.1815,127,172,normal
7.25,icmp,private,S0,236,2163,0,0,0,235,27,0.948,0.6836,0.3358,0.6852,19,21,anomaly
54.43,udp,eco_i,RSTO,10101,85,0,0,3,212,9,0.9206,0.7634,0.0789,0.8294,80,18,anomaly
0.68,tcp,domain_u,S0,9141,7,0,0,3,190,86,0.8385,0.8693,0.0275,0.9864,163,14,anomaly
5.26,udp,http,S0,179,9,0,0,0,23,123,0.8605,0.8659,0.1608,0.8233,133,33,anomaly
5.6,tcp,http,SF,381,1817,0,0,0,38,7,0.0252,0.0018,0.84,0.1745,88,133,normal
3.1,icmp,http,SF,40,1035,0,0,0,14,34,0.0481,0.0057,0.7843,0.2965,133,110,normal
0.6,tcp,http,SF,230,496,0,0,1,17,34,0.1291,0.012,0.8211,0.2142,93,209,normal
1.33,tcp,other,SF,121,1491,0,0,0,13,27,0.0893,0.0004,0.9949,0.0,6,230,normal
24.93,tcp,eco_i,S0,298,251,0,1,0,225,32,0.8543,0.4013,0.2988,0.6313,41,25,anomaly
33.51,udp,private,REJ,513210,1896,3,0,2,19,17,0.8186,0.7489,0.2258,0.8178,41,35,anomaly
0.03,tcp,http,SF,71,730,0,0,0,6,7,0.0028,0.0066,0.9755,0.05,182,181,normal
0.12,tcp,http,SF,21,862,0,0,1,6,3,0.1423,0.0,0.6776,0.3803,172,111,normal
9.6,udp,other,SF,3478,639,0,0,1,74,84,0.8378,0.3964,0.0047,0.9882,240,55,anomaly
5.23,tcp,http,SF,151,1316,0,0,0,37,34,0.0533,0.0293,0.7943,0.2204,48,182,normal
4.34,icmp,http,S0,4016,6,0,0,1,235,40,0.2267,0.2922,0.0776,0.9101,165,2,anomaly
0.11,tcp,eco_i,SF,244,592,0,0,0,4,20,0.1378,0.0,0.9995,0.0049,93,188,normal
4.57,tcp,other,REJ,1122,9,0,0,2,202,117,0.8664,0.3345,0.3567,0.5675,184,54,anomaly
2.21,icmp,http,S0,54,239,0,0,0,2,28,0.2058,0.0,0.9699,0.046,33,101,normal
4.04,icmp,domain_u,S0,1613,100,0,0,4,81,18,0.9468,0.0902,0.18,0.8391,219,12,anomaly
39.12,udp,eco_i,REJ,2400,475,0,0,1,83,159,0.8721,0.2524,0.1506,0.8243,163,32,anomaly
4.5,udp,other,S0,4677,815,0,0,0,197,147,0.9716,0.1805,0.109,0.9213,102,43,anomaly
1.24,icmp,private,SF,18795,7,0,0,2,91,89,0.8708,0.2222,0.7501,0.2935,232,33,anomaly
8.98,icmp,other,REJ,66,7,1,0,1,158,144,0.4383,0.5034,0.0132,1.0,112,48,anomaly
0.71,udp,eco_i,RSTO,5820,1465,1,0,2,132,119,0.6544,0.4975,0.5676,0.3814,134,31,anomaly
0.45,tcp,ftp_data,SF,646,575,0,0,0,9,14,0.0012,0.0004,0.8038,0.2296,46,206,normal
2.97,udp,eco_i,S0,2523,67,0,0,2,245,101,0.6491,0.7286,0.104,0.9629,74,56,anomaly
7.49,tcp,http,S0,15062,178,3,0,1,41,90,0.5146,0.7531,0.0716,0.9109,246,59,anomaly
0.06,tcp,domain_u,RSTO,188,4931,0,0,0,14,19,0.4082,0.0,0.7175,0.3522,36,167,normal
19.29,tcp,private,S0,239,203,0,0,1,221,86,0.825,0.7174,0.2362,0.7275,172,41,anomaly
16.14,udp,private,RSTO,38,24,0,0,3,99,48,0.6682,0.384,0.6171,0.3864,135,37,anomaly
6.67,udp,private,S0,603,107,3,0,4,122,134,0.5842,0.7698,0.1615,0.7521,135,37,anomaly
0.81,icmp,http,SF,525,9671,0,0,1,25,31,0.1662,0.0029,0.8659,0.0407,29,180,normal
1.07,tcp,smtp,SF,138,519,0,0,0,30,14,0.1009,0.0459,0.8823,0.04,208,194,normal
17.85,icmp,ftp_data,S0,124,10,0,0,4,66,109,0.263,0.5981,0.0486,1.0,65,56,anomaly
0.64,tcp,eco_i,S0,684,21,0,0,0,51,129,0.4581,0.6035,0.0269,0.9343,60,14,anomaly
0.04,tcp,http,SF,577,2071,0,0,1,31,33,0.0781,0.0628,0.9325,0.0289,112,146,normal
19.05,udp,private,RSTO,190,14,0,0,0,134,76,0.8853,0.2755,0.3117,0.7087,35,12,anomaly
7.78,tcp,eco_i,SF,3935,1,0,0,1,29,165,0.7459,0.2985,0.256,0.7068,239,26,anomaly
0.53,tcp,smtp,SF,191,1854,0,0,0,21,5,0.0475,0.0052,0.8294,0.2309,185,166,normal
3.22,tcp,eco_i,SF,16735,44,0,0,1,97,82,0.7493,0.3048,0.0942,0.9989,29,6,anomaly
2.06,udp,domain_u,SF,2136,777,0,0,0,15,11,0.1956,0.0,0.9064,0.0,38,196,normal
2.93,tcp,eco_i,REJ,58,2419,0,0,0,30,19,0.0719,0.0103,0.7771,0.2489,205,184,normal
1.02,tcp,http,SF,147,191,0,0,0,25,20,0.2065,0.0239,0.9613,0.0,244,152,normal
7.9,udp,eco_i,SF,8482,14,0,1,1,214,155,0.8141,0.2503,0.2842,0.6478,232,22,anomaly
1.79,tcp,http,SF,1245,40,0,0,0,11,29,0.0298,0.0003,0.7954,0.2285,140,171,normal
0.35,tcp,http,SF,235,7222,0,0,0,28,18,0.0295,0.0001,0.7186,0.2342,87,229,normal
0.87,tcp,domain_u,SF,82,226,0,0,1,5,25,0.0,0.0365,0.9559,0.0571,110,115,normal
0.1,tcp,smtp,SF,478,955,0,0,0,28,20,0.0249,0.0078,0.8634,0.1382,80,190,normal
20.0,icmp,eco_i,S0,5348,216,0,0,2,249,63,0.8,0.1697,0.4033,0.5143,186,50,anomaly
0.2,tcp,http,SF,56,6426,0,0,0,26,15,0.2536,0.0,0.6894,0.3435,78,191,normal
3.5,udp,http,SF,84,528,0,0,0,6,18,0.0,0.0006,0.8822,0.1327,80,180,normal
13.53,icmp,domain_u,SF,1044,50,1,0,3,228,150,0.8445,0.0601,0.0372,0.9647,134,11,anomaly
0.94,tcp,http,S0,388,862,0,0,0,32,20,0.2183,0.078,0.7581,0.2095,36,188,normal
2.05,tcp,http,SF,278,4565,0,0,0,12,22,0.2373,0.0281,0.7924,0.2271,52,245,normal
1.45,tcp,http,SF,181,515,0,0,0,6,12,0.3301,0.0001,0.7487,0.1866,88,191,normal
2.44,tcp,http,SF,347,159,0,0,0,13,33,0.0772,0.023,0.905,0.0446,115,101,normal
0.85,tcp,http,SF,343,66,0,0,0,39,29,0.0884,0.0,0.9455,0.0705,27,227,normal
2.31,tcp,http,SF,347,106,0,0,0,34,2,0.0643,0.0155,0.8427,0.2088,25,139,normal
0.93,tcp,http,SF,281,2432,0,0,0,23,26,0.006,0.0099,0.901,0.0751,168,141,normal
5.48,udp,http,SF,957,60,3,0,4,217,60,0.7281,0.8,0.0504,0.9724,164,51,anomaly
1.0,tcp,smtp,SF,252,267,0,0,0,1,3,0.2326,0.0191,0.8504,0.1599,188,252,normal
2.08,udp,eco_i,RSTO,295,8,1,0,1,45,80,0.4552,0.241,0.3714,0.6493,29,23,anomaly
41.31,icmp,eco_i,SF,2402,16,3,0,2,224,160,0.4905,0.6886,0.0132,0.9522,95,1,anomaly
2.59,tcp,http,SF,23,464,0,0,0,14,10,0.0402,0.0018,0.8574,0.1351,3,204,normal
2.19,icmp,other,REJ,93,32,0,0,3,128,153,0.7931,0.7078,0.0575,0.9406,141,4,anomaly
0.3,tcp,http,SF,689,5034,0,0,0,30,19,0.0589,0.0,0.9813,0.0936,68,233,normal
1.07,tcp,other,S0,26685,5580,0,0,4,107,27,0.9321,0.2318,0.2784,0.6664,139,28,anomaly
5.17,tcp,domain_u,SF,174,59,0,0,0,27,6,0.001,0.0343,0.7845,0.1453,176,213,normal
2.1,icmp,domain_u,SF,114,1087,0,0,0,25,14,0.005,0.0,0.9157,0.2343,207,194,normal
2.5,tcp,http,S0,1558,207,0,0,0,35,8,0.0019,0.0286,0.9339,0.0815,60,139,normal
7.15,tcp,other,S0,9889,4,1,0,0,243,69,0.7211,0.187,0.1261,0.9014,2,3,anomaly
0.95,tcp,http,SF,281,1058,0,0,0,6,18,0.0032,0.0124,0.9145,0.1176,79,145,normal
0.89,udp,private,SF,228104,20,0,0,3,85,84,0.5997,0.7533,0.0007,1.0,198,2,anomaly
2.66,udp,smtp,SF,660,940,0,0,0,38,30,0.2312,0.0017,0.7962,0.2487,111,140,normal
32.17,udp,private,SF,1023,284,0,0,0,218,178,0.8355,0.4743,0.2453,0.7935,13,58,anomaly
2.87,udp,http,S0,30,1035,0,0,0,27,2,0.1148,0.0,0.9309,0.1255,35,166,normal
18.24,icmp,eco_i,SF,3217,4,0,1,5,199,45,0.6109,0.8908,0.1782,0.8302,51,42,anomaly
0.33,tcp,http,S0,76,259,0,0,0,3,9,0.0029,0.0012,0.914,0.1396,236,122,normal
0.57,tcp,http,RSTO,269,77,0,0,0,24,28,0.003,0.0049,0.8499,0.2447,108,160,normal
0.5,tcp,ftp_data,SF,1368,185,0,0,0,15,8,0.1202,0.0,0.64,0.3698,113,116,normal
1.14,tcp,http,SF,30,12621,0,0,0,6,8,0.001,0.024,0.9687,0.0554,56,102,normal
28.84,udp,other,S0,17016,11,3,1,0,31,147,0.9837,0.3638,0.2122,0.7588,40,40,anomaly
0.26,tcp,ftp_data,SF,126,111,0,0,0,30,13,0.0345,0.0,0.8382,0.1536,249,129,normal
0.9,udp,eco_i,S0,12729,8,0,0,1,153,81,0.8391,0.38,0.251,0.7666,205,44,anomaly
0.21,tcp,http,SF,595,564,0,0,0,38,21,0.0001,0.0122,0.9074,0.0731,187,243,normal
0.4,tcp,smtp,SF,199,496,0,0,0,29,29,0.0471,0.0148,0.8268,0.1778,12,161,normal
0.91,tcp,smtp,SF,403,5506,0,0,0,23,14,0.0007,0.0001,0.8293,0.1878,16,159,normal
1.09,tcp,other,SF,115,1516,0,0,1,3,4,0.0019,0.0024,0.9901,0.086,181,214,normal
4.34,udp,http,SF,112,120,0,0,1,20,167,0.9595,0.359,0.2018,0.755,235,13,anomaly
0.89,tcp,http,SF,622,352,0,0,0,14,11,0.0521,0.0193,0.9497,0.0713,116,165,normal
2.34,tcp,http,SF,102,313,0,0,0,19,34,0.1088,0.0251,0.9873,0.0,41,253,normal
10.36,tcp,other,SH,1665,0,0,0,2,203,154,0.9514,0.9124,0.087,0.9513,243,34,anomaly
38.04,tcp,private,S0,135705,96,0,0,0,117,116,0.4592,0.7047,0.0628,0.9794,148,20,anomaly
0.25,tcp,http,SF,858,45,0,0,1,9,16,0.0093,0.0252,0.9601,0.1238,168,114,normal
0.86,tcp,smtp,SF,192,619,0,0,1,13,16,0.076,0.0001,0.9307,0.048,61,111,normal
11.61,icmp,eco_i,SF,512,0,0,0,3,49,27,0.9958,0.8947,0.5277,0.4796,205,1,anomaly
2.04,tcp,http,SF,233,17612,0,0,1,38,31,0.0304,0.1901,0.9929,0.0473,34,113,normal
1.3,tcp,other,SF,218,156,0,0,1,24,13,0.1022,0.0,0.9884,0.0445,19,242,normal
0.74,tcp,smtp,REJ,334,522,0,0,0,38,5,0.0291,0.1463,0.943,0.0,173,186,normal
2.57,tcp,http,S0,591,113,3,0,2,221,131,0.8368,0.4151,0.1301,0.8355,91,22,anomaly
2.55,tcp,other,S0,720,36,0,0,3,219,18,0.8016,0.2765,0.3745,0.654,29,50,anomaly
1.29,tcp,http,SF,1367,431,0,0,0,38,2,0.1438,0.0,0.749,0.2405,19,142,normal
0.83,tcp,smtp,SF,26,1252,0,0,1,17,30,0.1324,0.0,0.9207,0.1198,235,228,normal
1.09,tcp,http,SF,108,6564,0,0,0,26,10,0.0822,0.0,0.7436,0.3085,184,231,normal
2.77,icmp,domain_u,S0,17424,179,0,0,1,96,159,0.8656,0.3943,0.1239,0.8655,27,57,anomaly
1.63,tcp,http,SF,401,6111,0,0,0,12,29,0.12,0.0882,0.955,0.0751,130,124,normal
2.87,tcp,http,SF,1622,138,0,0,0,18,16,0.0721,0.0011,0.9177,0.1551,168,183,normal
34.42,icmp,eco_i,S0,488,5307,0,0,6,227,8,0.546,0.1823,0.0674,0.9835,103,20,anomaly
1.01,tcp,http,S0,133,840,0,0,0,3,17,0.0397,0.009,0.7704,0.1911,193,152,normal
2.78,icmp,other,S0,2121,5,0,0,3,147,23,0.7051,0.7025,0.2512,0.7395,78,16,anomaly
0.61,tcp,http,SF,254,5241,0,0,0,2,31,0.0306,0.0865,0.8963,0.105,8,230,normal
1.36,tcp,http,SF,339,478,0,0,0,8,7,0.1616,0.0,0.8895,0.0637,27,112,normal
0.14,tcp,http,SF,1651,362,0,0,0,18,30,0.0377,0.0,0.9311,0.1224,225,134,normal
7.41,tcp,domain_u,S0,2145,831,0,0,1,225,171,0.8755,0.6639,0.2154,0.7523,223,23,anomaly
27.72,udp,private,SH,58,142,0,0,1,146,11,0.8905,0.6212,0.1797,0.8152,158,1,anomaly
31.91,udp,private,S0,282,0,1,0,3,132,40,0.9004,0.1136,0.0858,0.9678,153,14,anomaly
1.89,tcp,http,SF,145,544,0,0,1,39,29,0.103,0.0001,0.8922,0.0852,49,209,normal
8.12,udp,eco_i,SF,1563,20,0,0,3,166,152,0.7883,0.6797,0.5071,0.4761,245,49,anomaly
1.83,tcp,http,SF,340,3247,0,0,0,29,15,0.0423,0.0016,0.835,0.1819,56,187,normal
1.34,tcp,smtp,SF,41,135,0,0,0,33,29,0.047,0.0,0.9985,0.0,100,189,normal
0.04,icmp,other,REJ,336,89,1,0,3,196,161,0.9554,0.5054,0.3504,0.7262,102,58,anomaly
2.93,tcp,http,SF,201,1032,0,0,0,2,12,0.0054,0.0177,0.9508,0.0034,65,196,normal
4.71,tcp,http,SF,1027,5065,0,0,0,35,16,0.0349,0.0376,0.9738,0.0,31,171,normal
1.04,udp,http,SF,138,655,0,0,0,32,9,0.2313,0.0249,0.9323,0.1099,227,111,normal
4.02,icmp,http,SF,338,2709,0,0,0,36,22,0.2412,0.0119,0.9544,0.0277,60,235,normal
1.31,tcp,http,SF,315,1902,0,0,0,23,33,0.0122,0.0004,0.8764,0.0832,213,177,normal
12.37,tcp,smtp,S0,1722,383,0,0,1,40,22,0.7944,0.3773,0.4171,0.6021,162,2,anomaly
0.91,tcp,http,SF,146,130,0,0,0,16,7,0.0001,0.0,0.719,0.3019,145,203,normal
0.65,icmp,http,S0,11115,19,0,0,0,66,72,0.9329,0.6959,0.5203,0.4416,73,13,anomaly
3.15,udp,eco_i,S0,439,2,0,0,3,217,167,0.659,0.2762,0.055,1.0,29,59,anomaly
0.41,tcp,eco_i,SF,57,295,0,0,0,25,19,0.3788,0.0022,0.9817,0.0614,200,136,normal
1.07,tcp,smtp,SF,1087,2641,0,0,1,7,5,0.0222,0.0002,0.9069,0.1918,211,128,normal
0.72,tcp,http,SF,586,2036,0,0,0,38,30,0.0098,0.0319,0.899,0.0781,239,203,normal
6.46,icmp,other,S0,49307,395,1,0,3,209,175,0.8338,0.6618,0.5673,0.4405,134,3,anomaly
5.92,udp,http,SF,1805,117,0,0,0,22,30,0.0256,0.0,0.9424,0.0692,88,143,normal
2.69,tcp,private,REJ,1692,3,0,0,1,159,21,0.9614,0.7884,0.2128,0.7708,126,8,anomaly
0.9,tcp,smtp,SF,1197,144,0,0,1,27,9,0.0169,0.0003,0.7795,0.2407,6,178,normal
4.14,icmp,other,S0,1281,877,0,0,2,125,28,0.717,0.68,0.7074,0.3166,104,17,anomaly
0.07,udp,http,SF,72,153,0,0,0,32,24,0.1981,0.0026,0.9747,0.0493,131,119,normal
2.24,tcp,private,SF,2248,540,0,0,1,39,15,0.015,0.1394,0.959,0.0247,95,133,normal
29.01,tcp,eco_i,S0,5659,32,1,0,0,233,160,0.4843,0.4316,0.1268,0.8627,159,8,anomaly
11.46,tcp,other,SH,2216,17,0,0,2,63,135,0.5405,0.3642,0.3836,0.5881,76,38,anomaly
0.24,tcp,http,SF,586,342,0,0,0,10,11,0.3735,0.0001,0.9967,0.0,180,219,normal
32.69,tcp,private,S0,967,47,0,0,2,107,56,0.9923,0.5968,0.4661,0.5307,136,43,anomaly
0.44,tcp,smtp,SF,662,1523,0,0,0,29,15,0.0427,0.0694,0.9538,0.122,235,117,normal
2.83,udp,http,REJ,1016,92,0,0,3,75,62,0.5762,0.5678,0.082,1.0,90,8,anomaly
10.01,icmp,other,SH,4281,40,1,0,3,154,49,0.9308,0.1643,0.2474,0.8183,251,25,anomaly
0.21,tcp,http,SF,792,391,0,0,0,6,15,0.0012,0.0,0.7769,0.1999,26,254,normal
0.56,tcp,http,SF,181,2339,0,0,0,11,17,0.0001,0.0129,0.9671,0.0533,143,196,normal
0.19,tcp,http,SF,314,525,0,0,0,9,16,0.4468,0.0026,0.8241,0.0735,205,242,normal
6.39,tcp,http,SF,49,609,0,0,1,30,22,0.0556,0.0,0.9855,0.0067,184,146,normal
14.37,udp,other,RSTO,417,35,0,0,1,173,56,0.934,0.3881,0.1544,0.8262,86,45,anomaly
0.21,tcp,http,SF,1021,15684,0,0,0,39,25,0.0053,0.0348,0.9361,0.1576,122,135,normal
0.33,tcp,http,SF,192,2522,0,0,0,9,30,0.0493,0.0038,0.9598,0.0532,127,118,normal
1.18,icmp,eco_i,S0,12781,1436,0,0,3,119,94,0.9734,0.4812,0.1393,0.8633,62,3,anomaly
6.68,tcp,ftp_data,S0,15,218,0,0,1,185,35,0.5666,0.2025,0.2045,0.7921,141,57,anomaly
2.98,tcp,http,REJ,2641,303,0,0,0,26,9,0.1074,0.0017,0.9724,0.013,46,202,normal
4.89,tcp,http,SF,769,160,0,0,0,16,5,0.032,0.0854,0.97,0.0566,182,156,normal
0.43,tcp,http,SF,3315,290,0,0,0,9,24,0.0005,0.0077,0.7707,0.1962,9,175,normal
0.9,udp,ftp_data,SF,81,209,0,0,1,23,27,0.0054,0.0005,0.9654,0.0621,88,218,normal
17.44,icmp,smtp,RSTO,1375,2967,0,0,2,178,71,0.8596,0.6689,0.3233,0.7483,3,38,anomaly
1.54,icmp,http,SF,59,133,0,0,0,19,15,0.0401,0.0001,0.9653,0.0403,151,249,normal
4.45,tcp,eco_i,S0,2038,2,0,0,0,243,178,0.9617,0.9309,0.5039,0.4803,12,24,anomaly
0.47,tcp,other,SF,302,2055,0,0,0,25,30,0.024,0.0,0.835,0.1612,41,154,normal
24.22,udp,private,SH,2134,101,1,0,0,169,60,0.8521,0.3915,0.0109,1.0,172,35,anomaly
13.41,tcp,domain_u,SF,789,12,1,0,5,154,30,0.9347,0.0429,0.7806,0.2264,186,40,anomaly
0.58,icmp,eco_i,SF,36458,229,1,0,3,200,64,0.888,0.2527,0.0206,0.949,11,29,anomaly
0.3,tcp,smtp,SF,39,997,0,0,0,34,9,0.2797,0.0011,0.8369,0.2035,147,146,normal
1.75,tcp,http,REJ,120,3402,0,0,0,14,22,0.0083,0.0005,0.5577,0.4068,187,172,normal
1.25,tcp,http,SF,655,232,0,0,1,23,13,0.0351,0.0,0.8266,0.1618,73,126,normal
3.12,tcp,private,REJ,95871,5,0,0,2,189,94,0.8234,0.2174,0.0686,0.9429,165,59,anomaly
25.7,udp,eco_i,REJ,81,41,0,0,0,37,62,0.9539,0.6728,0.2702,0.6895,138,33,anomaly
0.24,udp,private,S0,109,161,0,0,0,129,67,0.9536,0.5408,0.6638,0.2469,73,11,anomaly
16.77,icmp,other,S0,1529,82,0,0,2,216,124,0.6205,0.6914,0.2339,0.7886,33,29,anomaly
7.7,icmp,other,S0,164075,9,3,0,3,112,135,0.9788,0.771,0.0764,0.814,205,49,anomaly
1.78,tcp,smtp,SF,363,183,0,0,0,37,1,0.0267,0.0051,0.9817,0.0,148,220,normal
0.09,tcp,http,S0,1253,3,0,0,1,218,118,0.92,0.4861,0.5224,0.5165,172,24,anomaly
4.35,tcp,http,SF,626,409,0,0,0,4,20,0.3875,0.0001,0.9599,0.0611,75,132,normal
0.23,tcp,http,SF,124,446,0,0,0,30,34,0.0284,0.0037,0.9116,0.0805,233,199,normal
1.54,tcp,http,SF,1327,251,0,0,0,3,34,0.0081,0.0243,0.8605,0.0948,93,121,normal
0.72,tcp,http,SF,210,213,0,0,0,14,24,0.1937,0.0014,0.8356,0.1428,111,164,normal
4.71,tcp,http,SF,548,472,0,0,0,11,28,0.1099,0.0403,0.7275,0.3013,125,157,normal
37.48,icmp,smtp,S0,440,13,0,0,1,96,129,0.8477,0.5126,0.1202,0.8732,124,47,anomaly
4.91,tcp,http,SF,115,414,0,0,1,32,8,0.0609,0.0305,0.9259,0.0123,13,215,normal
6.12,udp,private,S0,2138,12431,0,0,5,162,121,0.5182,0.7795,0.5093,0.4467,124,31,anomaly
0.47,icmp,http,SF,377,1425,0,0,0,1,16,0.0523,0.0998,0.9589,0.0194,236,171,normal
2.44,tcp,http,SF,267,61,0,0,0,9,6,0.0596,0.0,0.9349,0.0834,63,132,normal
8.14,tcp,http,REJ,477,1459,0,0,0,9,20,0.0691,0.0013,0.7908,0.2144,142,213,normal
0.44,udp,http,SF,186,1650,0,0,0,12,11,0.1473,0.0,0.9888,0.0,201,236,normal
22.18,tcp,smtp,SF,616,431,0,0,1,184,168,0.6528,0.158,0.1025,0.9648,54,27,anomaly
1.1,tcp,http,SF,2725,71,0,0,0,16,20,0.0173,0.0,0.9804,0.0,170,154,normal
12.96,icmp,other,RSTO,2118,7,0,0,4,143,153,0.6179,0.3144,0.0165,1.0,166,54,anomaly
0.02,tcp,http,SF,590,657,0,0,0,8,33,0.0193,0.001,0.9666,0.0,83,236,normal
2.66,tcp,http,S0,2607,13,0,0,3,21,107,0.6042,0.2718,0.4011,0.723,106,23,anomaly
11.05,udp,eco_i,S0,249,419,0,0,4,138,17,0.9464,0.8941,0.3866,0.6796,111,58,anomaly
0.75,udp,http,S0,2232,3,0,0,0,72,128,0.4988,0.9598,0.2169,0.7444,117,17,anomaly
0.28,tcp,http,RSTO,93,469,0,0,0,22,14,0.0278,0.0003,0.8763,0.1282,254,172,normal
3.1,tcp,smtp,SF,486,356,0,0,0,16,3,0.089,0.0002,0.7317,0.2168,72,177,normal
1.83,tcp,http,SF,1298,587,0,0,1,19,2,0.0088,0.0143,0.9671,0.0151,82,150,normal
16.57,tcp,private,S0,310,1310,0,0,1,65,137,0.5241,0.2656,0.0117,1.0,226,39,anomaly
1.58,tcp,http,REJ,277,346,0,0,0,11,33,0.01,0.0052,0.9566,0.0857,36,211,normal
1.59,tcp,http,SF,75,1480,0,0,1,14,21,0.0072,0.0034,0.9806,0.0,9,183,normal
0.48,icmp,domain_u,SF,11514,170,3,0,1,125,142,0.8638,0.1147,0.0938,0.8687,208,59,anomaly
0.0,udp,ftp_data,SF,3254,54,0,0,0,26,7,0.1854,0.0,0.7866,0.2605,5,155,normal
9.23,tcp,eco_i,SH,876,152,0,0,2,40,44,0.7505,0.0555,0.6725,0.3936,243,45,anomaly
3.94,tcp,ftp_data,SF,156,134,0,0,0,20,8,0.1401,0.0066,0.8783,0.0831,143,167,normal
4.04,tcp,http,SF,125,993,0,0,0,5,24,0.002,0.0067,0.9198,0.1281,152,214,normal
22.18,icmp,private,RSTO,525,3,0,0,0,184,116,0.802,0.4582,0.5681,0.3702,64,11,anomaly
2.18,tcp,smtp,SF,9,55,0,0,1,11,28,0.0131,0.1818,0.9656,0.0195,239,133,normal
6.73,udp,other,S0,29,11,0,0,1,204,8,0.9531,0.7168,0.2261,0.7167,236,13,anomaly
1.08,tcp,domain_u,SF,89,125,0,0,0,28,19,0.0261,0.0111,0.7385,0.2412,48,140,normal
0.4,tcp,http,SF,35,6897,0,0,0,34,9,0.0,0.0278,0.9292,0.1663,171,203,normal
0.38,tcp,domain_u,RSTO,17543,4,0,0,3,101,155,0.4955,0.1837,0.2107,0.7866,167,42,anomaly
35.23,icmp,domain_u,SF,3707,3,0,0,4,92,49,0.9734,0.518,0.5878,0.3981,153,54,anomaly
3.3,tcp,other,S0,26068,2713,0,0,2,48,78,0.8716,0.5097,0.0173,0.9544,208,11,anomaly
0.95,tcp,http,SF,1422,1121,0,0,0,36,14,0.0151,0.0,0.9617,0.0233,234,181,normal
1.04,udp,ftp_data,S0,17611,4131,0,0,0,84,107,0.9112,0.4141,0.1646,0.795,86,49,anomaly
0.31,tcp,http,SF,39,575,0,0,1,2,6,0.0894,0.0,0.9625,0.0443,114,140,normal
5.72,tcp,http,SF,338,7474,0,0,1,20,25,0.0188,0.0005,0.9542,0.0442,208,121,normal
13.2,icmp,other,S0,98,1493,0,0,1,239,148,0.8255,0.6625,0.6301,0.347,225,21,anomaly
1.22,tcp,http,SF,37,728,0,0,0,14,16,0.0344,0.0335,0.9097,0.063,133,229,normal
5.09,icmp,other,S0,34,95,0,0,1,189,136,0.8116,0.6567,0.5531,0.4561,188,49,anomaly
0.57,tcp,http,SF,491,998,0,0,1,16,30,0.0563,0.0815,0.8764,0.0871,119,182,normal
0.83,tcp,http,SF,21,60,0,0,0,4,4,0.0149,0.0005,0.9747,0.0133,7,109,normal
0.56,tcp,http,SF,638,1420,0,0,1,13,16,0.2437,0.0021,0.9786,0.0,146,183,normal
21.35,icmp,http,S0,221,186,0,0,3,149,10,0.9148,0.6303,0.0706,0.8191,128,43,anomaly
17.47,icmp,ftp_data,S0,9821,125,0,0,3,230,46,0.8381,0.4812,0.0308,1.0,6,49,anomaly
5.18,tcp,other,S0,1470,47,0,0,3,231,132,0.8211,0.7402,0.041,0.8674,113,58,anomaly
5.67,udp,other,RSTO,679,82,0,0,1,241,160,0.9966,0.6037,0.0148,0.8968,12,3,anomaly
9.15,tcp,http,RSTO,1966,12,0,0,3,40,104,0.9726,0.3325,0.3134,0.7314,108,2,anomaly
0.0,udp,private,S0,352688,255,0,0,5,201,155,0.6438,0.8973,0.0899,0.8546,161,27,anomaly
3.71,udp,http,SF,76,685,0,0,0,34,6,0.1309,0.0063,0.8832,0.013,226,243,normal
0.51,udp,http,SF,234,2060,0,0,0,20,4,0.3573,0.0,0.9259,0.141,21,202,normal
0.31,tcp,http,SF,485,2155,0,0,0,2,21,0.0145,0.0221,0.9347,0.0334,250,203,normal
19.67,tcp,other,S0,2522,33,0,0,6,130,16,0.935,0.5061,0.0146,1.0,186,11,anomaly
3.94,udp,other,SF,15,138,0,0,3,61,128,0.7668,0.7121,0.2158,0.7385,210,7,anomaly
1.75,tcp,http,SF,1122,553,0,0,1,7,27,0.0147,0.002,0.9372,0.0,206,203,normal
8.42,tcp,eco_i,S0,691,5,0,0,0,138,33,0.9275,0.4365,0.2409,0.743,42,50,anomaly
24.09,icmp,http,S0,43,99,0,0,2,177,23,0.6244,0.7537,0.4669,0.4727,222,36,anomaly
4.68,tcp,ftp_data,REJ,684,2410,0,0,0,35,24,0.0937,0.0254,0.9465,0.0737,46,203,normal
0.98,tcp,ftp_data,RSTO,34,1,0,0,1,192,49,0.5546,0.2885,0.3999,0.6339,3,22,anomaly
5.29,udp,other,S0,1675,201,0,0,3,231,58,0.6394,0.8193,0.097,0.9494,185,31,anomaly
2.81,tcp,other,SH,412,2193,0,0,0,35,9,0.061,0.0,0.9581,0.0264,53,234,normal
9.6,icmp,eco_i,RSTO,16540,34,0,0,2,44,84,0.9277,0.4423,0.5105,0.5585,62,54,anomaly
0.83,tcp,http,S0,445,1059,0,0,0,21,18,0.0401,0.0007,0.9893,0.0,141,103,normal
38.5,tcp,eco_i,SF,263,6,0,0,1,68,144,0.933,0.1084,0.3218,0.6849,51,54,anomaly
18.88,icmp,other,S0,38,611,0,0,4,81,117,0.7053,0.5263,0.0808,0.9123,229,53,anomaly
11.11,tcp,private,REJ,54,59,0,0,4,46,75,0.892,0.9836,0.6429,0.4557,147,53,anomaly
0.03,tcp,http,SF,26,6876,0,0,1,30,9,0.0024,0.0,0.9991,0.0613,187,174,normal
0.49,icmp,other,RSTO,306,41,3,0,2,192,46,0.9037,0.2074,0.1939,0.8077,62,54,anomaly
49.87,tcp,private,REJ,1314,185,0,0,6,189,103,0.7512,0.6369,0.0212,0.9888,165,33,anomaly
1.71,tcp,private,SF,828,8216,0,0,0,29,13,0.0396,0.0073,0.788,0.2887,205,218,normal
1.98,tcp,other,REJ,3562,45,0,0,4,60,108,0.8607,0.5036,0.1904,0.772,143,6,anomaly
3.6,tcp,http,SF,839,1213,0,0,0,32,26,0.005,0.0187,0.9772,0.0,90,129,normal
4.01,tcp,eco_i,S0,1847,618,3,1,4,49,156,0.7646,0.1522,0.7289,0.2227,70,1,anomaly
1.22,tcp,http,SF,378,322,0,0,1,13,25,0.0084,0.0003,0.9788,0.0004,91,166,normal
2.32,tcp,http,SF,133,637,0,0,0,14,25,0.0208,0.0,0.9872,0.0808,12,160,normal
1.17,udp,http,SF,304,227,0,0,0,6,20,0.2153,0.0003,0.9028,0.149,240,143,normal
21.7,icmp,private,SF,1758,120,0,0,1,193,32,0.8045,0.3268,0.3642,0.6336,89,42,anomaly
0.22,icmp,http,SF,56,20,0,0,1,21,10,0.0076,0.0006,0.7172,0.3062,178,178,normal
7.14,tcp,other,SF,10620,517,1,0,1,150,156,0.5573,0.4507,0.1871,0.7774,47,48,anomaly
0.95,tcp,http,SF,306,554,0,0,1,5,27,0.0082,0.0,0.9053,0.1991,16,139,normal
3.16,udp,http,S0,4367,402,0,0,0,24,31,0.0792,0.0,0.8613,0.1993,110,149,normal
1.32,udp,ftp_data,SF,87,925,0,0,1,1,21,0.004,0.1613,0.9323,0.0704,144,237,normal
6.03,udp,domain_u,S0,3173,627,0,0,1,186,74,0.7019,0.7493,0.4452,0.5511,195,28,anomaly
2.45,tcp,http,SF,2712,12015,0,0,0,35,19,0.0095,0.0001,0.9248,0.1103,246,114,normal
1.96,udp,smtp,S0,5826,146,0,0,1,57,136,0.9111,0.6795,0.3833,0.6138,34,40,anomaly
32.37,icmp,private,SF,3173,135,0,0,6,140,165,0.8307,0.1964,0.5387,0.3702,216,15,anomaly
5.8,icmp,eco_i,S0,70624,999,0,0,6,192,123,0.7523,0.1258,0.1339,0.9427,234,30,anomaly
2.44,tcp,ftp_data,REJ,225,689,0,0,1,9,12,0.0001,0.0672,0.7526,0.3058,46,165,normal
0.7,tcp,eco_i,SF,45,5326,0,0,0,2,1,0.0093,0.0107,0.7869,0.2317,87,125,normal
2.76,icmp,private,S0,294,5,0,1,1,139,77,0.6976,0.9632,0.2125,0.7665,64,55,anomaly
0.15,tcp,eco_i,SF,1475,2396,0,0,0,16,19,0.0423,0.0001,0.9405,0.06,222,224,normal
25.27,tcp,private,S0,71,14,0,0,2,221,136,0.9204,0.6217,0.0361,0.8317,177,31,anomaly
0.14,udp,http,SF,183,388,0,0,0,6,7,0.0093,0.0,0.9892,0.0,149,129,normal
31.89,icmp,other,SF,513,3,3,0,2,195,140,1.0,0.5994,0.4564,0.632,181,59,anomaly
7.94,icmp,other,S0,416,2157,1,0,1,205,31,0.7071,0.487,0.5669,0.459,190,39,anomaly
8.09,udp,private,REJ,100,2,0,0,5,118,168,0.7822,0.1174,0.194,0.7086,209,16,anomaly
1.71,tcp,http,SF,264,3207,0,0,0,34,8,0.0532,0.013,0.9948,0.0,182,123,normal
19.47,udp,other,S0,15820,1057,0,0,1,54,175,0.7133,0.8516,0.0171,0.8867,82,4,anomaly
1.35,udp,smtp,SF,172,7469,0,0,1,22,29,0.0502,0.0366,0.6538,0.3072,131,161,normal
2.22,tcp,eco_i,SF,447,4009,0,0,0,26,23,0.0789,0.0,0.9928,0.0,181,151,normal
29.01,icmp,other,S0,50478,129,0,0,1,83,45,0.8301,0.5345,0.0966,0.9835,239,33,anomaly
34.44,tcp,eco_i,RSTO,3064,2,0,0,2,48,108,0.8666,0.5632,0.3876,0.6517,140,28,anomaly
8.81,tcp,private,S0,591,532,0,0,1,216,30,0.8752,0.446,0.4705,0.5144,208,21,anomaly
13.56,tcp,http,S0,4603,45,0,1,3,169,136,0.9787,0.3364,0.3183,0.6691,38,15,anomaly
3.2,icmp,http,SF,551,86,0,0,0,5,28,0.4648,0.0058,0.8695,0.0905,78,195,normal
1.0,tcp,http,SF,308,6399,0,0,0,18,32,0.1341,0.0117,0.9605,0.094,91,237,normal
11.02,icmp,other,S0,87,0,1,0,0,18,152,0.8206,0.9215,0.4,0.6605,146,57,anomaly
3.77,tcp,domain_u,SF,405,846,0,0,2,12,21,0.0291,0.042,0.8027,0.1304,84,170,normal
3.45,tcp,smtp,SF,1171,7496,0,0,0,22,9,0.0384,0.022,0.9747,0.0,163,200,normal
0.89,tcp,http,SF,507,4999,0,0,0,6,20,0.0662,0.0001,0.9667,0.0174,209,114,normal
0.48,tcp,ftp_data,SF,27,1767,0,0,0,36,20,0.1253,0.061,0.9867,0.0035,84,174,normal
0.75,tcp,http,SF,1171,1353,0,0,0,27,8,0.0873,0.0,0.9611,0.0518,198,183,normal
0.74,tcp,http,SF,288,1677,0,0,0,15,14,0.0199,0.0,0.818,0.0983,218,149,normal
0.51,tcp,domain_u,SF,230,365,0,0,0,17,20,0.0044,0.0062,0.8581,0.1062,199,140,normal
0.47,udp,http,SF,343,612,0,0,0,3,21,0.2603,0.0699,0.9363,0.0596,102,159,normal
8.41,tcp,eco_i,SF,8791,0,0,0,2,132,84,0.8247,0.4709,0.7457,0.2154,76,2,anomaly
0.11,tcp,other,SF,321,404,0,0,0,25,6,0.0051,0.0,0.9669,0.0759,17,151,normal
1.7,tcp,http,SF,120,384,0,0,0,21,27,0.0235,0.0205,0.5258,0.5676,149,221,normal
12.17,tcp,private,RSTO,719003,87,0,0,3,169,29,0.6679,0.394,0.0811,0.892,245,20,anomaly
0.63,tcp,http,SF,214,817,0,0,0,24,4,0.2871,0.0046,0.994,0.0504,70,195,normal
16.09,tcp,eco_i,S0,7672,607,0,0,2,165,104,0.7259,0.8816,0.057,0.9252,47,26,anomaly
4.91,icmp,smtp,SF,401,42,0,0,1,226,85,0.9797,0.7325,0.7662,0.1872,165,49,anomaly
2.19,icmp,http,SF,338,58,0,0,0,33,17,0.2173,0.0009,0.7841,0.1803,217,239,normal
3.24,tcp,http,SF,306,561,0,0,0,12,29,0.0541,0.0064,0.8379,0.2006,54,157,normal
7.94,icmp,eco_i,S0,22645,126,0,0,1,112,90,0.7348,0.7023,0.4768,0.4911,15,52,anomaly
12.53,udp,other,RSTO,3056,3,0,0,0,43,122,0.9794,0.1306,0.0162,0.9615,139,29,anomaly
0.95,udp,http,SF,36,514,0,0,0,39,33,0.0067,0.0084,0.9949,0.0,9,204,normal
12.74,udp,domain_u,S0,705,285,0,0,2,186,42,0.6248,0.5679,0.5836,0.4481,196,50,anomaly
2.16,icmp,ftp_data,SF,1453,1135,0,0,0,33,18,0.0073,0.0762,0.9904,0.0325,3,166,normal
4.45,udp,domain_u,RSTO,44365,105,0,0,1,211,50,0.5459,0.3086,0.4582,0.6145,13,27,anomaly
1.67,tcp,smtp,SF,1648,1395,0,0,0,20,18,0.1706,0.1212,0.7962,0.2336,96,204,normal
1.14,tcp,eco_i,SF,8218,22,0,0,1,154,75,0.919,0.3567,0.0481,0.9726,6,7,anomaly
30.8,icmp,eco_i,REJ,1091,85,0,1,1,159,135,0.7236,0.2543,0.0816,0.9475,129,11,anomaly
14.03,tcp,eco_i,SF,3,0,0,0,1,51,138,0.693,0.8923,0.0544,0.9328,234,52,anomaly
3.57,tcp,http,SF,46,841,0,0,0,17,5,0.0214,0.0633,0.9346,0.0709,133,237,normal
2.02,tcp,http,SF,801,1866,0,0,2,19,14,0.1027,0.0521,0.9272,0.1194,66,233,normal
1.17,tcp,eco_i,REJ,96,62,0,0,0,4,1,0.0007,0.0002,0.698,0.261,214,102,normal
1.13,tcp,http,SF,96,174,0,0,0,29,22,0.0,0.0353,0.919,0.1661,96,212,normal
0.64,icmp,http,SF,805,7189,0,0,1,17,21,0.059,0.0,0.8048,0.2271,243,185,normal
3.24,tcp,eco_i,SF,5513,671,0,0,4,174,66,0.8788,0.4222,0.2263,0.8747,112,47,anomaly
1.6,tcp,http,SF,39,539,0,0,0,2,29,0.0244,0.0,0.812,0.1292,125,175,normal
0.81,tcp,http,REJ,239,3860,0,0,0,12,9,0.0632,0.003,0.8848,0.0564,254,220,normal
2.7,tcp,private,S0,12006,1,0,0,0,164,43,0.8093,0.3894,0.4458,0.5728,41,7,anomaly
38.34,tcp,domain_u,SF,6052,37,0,0,2,24,64,0.5609,0.0601,0.049,0.9572,178,20,anomaly
11.4,icmp,ftp_data,RSTO,796,27,0,1,2,43,109,0.7654,0.4619,0.0933,0.8839,113,49,anomaly
3.64,tcp,other,REJ,1569,27,0,0,4,153,131,0.783,0.5198,0.1024,0.8341,7,51,anomaly
0.79,udp,other,SF,186,697,0,0,1,25,6,0.0083,0.1823,0.8846,0.102,21,252,normal
1.74,udp,http,SF,186,239,0,0,0,34,29,0.0938,0.0001,0.8838,0.1271,209,232,normal
3.37,tcp,eco_i,S0,13312,457,1,0,1,70,109,0.8885,0.2756,0.0923,0.8423,181,5,anomaly
25.59,udp,ftp_data,S0,6551,0,0,0,6,99,165,0.6346,0.3189,0.0169,0.9626,148,31,anomaly
3.15,tcp,http,SF,512,545,0,0,0,34,9,0.0918,0.049,0.7632,0.256,193,237,normal
15.29,icmp,private,S0,149184,183,0,0,0,72,139,0.6948,0.5096,0.4255,0.6139,160,56,anomaly
3.63,tcp,http,SF,41,303,0,0,1,19,19,0.171,0.0322,0.9565,0.0292,232,238,normal
7.48,tcp,http,SF,182,505,0,0,0,12,33,0.0946,0.0001,0.9904,0.0,96,185,normal
0.17,tcp,private,RSTO,418,1420,0,0,0,25,30,0.2157,0.0434,0.8638,0.1419,212,100,normal
8.74,tcp,http,SF,614,10,0,1,2,31,5,0.5734,0.299,0.1646,0.8251,202,26,anomaly
28.64,tcp,domain_u,SF,364,40,0,1,0,233,83,0.3938,0.27,0.0818,0.8449,247,4,anomaly
4.77,tcp,http,SH,469,1431,0,0,0,12,1,0.1646,0.0055,0.9315,0.046,6,157,normal
0.82,tcp,private,S0,740,49,0,1,2,247,69,0.612,0.7381,0.1031,0.8674,41,34,anomaly
0.02,tcp,http,SF,1587,262,0,0,0,24,21,0.1129,0.0013,0.988,0.0131,33,223,normal
0.26,udp,other,S0,805,90,0,0,0,8,31,0.4454,0.0001,0.6614,0.3019,202,246,normal
28.56,udp,private,SF,209,184,1,0,3,147,71,0.6005,0.8511,0.0528,0.9198,153,2,anomaly
1.57,tcp,eco_i,S0,3591,3616,0,0,3,168,104,0.5928,0.3522,0.1159,0.875,24,45,anomaly
9.16,tcp,smtp,S0,6285,658,0,0,3,212,58,0.4604,0.4194,0.2915,0.7404,95,35,anomaly
25.39,icmp,eco_i,SF,6523,45,0,0,1,94,125,0.9241,0.365,0.3953,0.6093,221,15,anomaly
6.33,tcp,eco_i,S0,375,296,0,0,1,143,104,0.6137,0.5007,0.228,0.9052,140,51,anomaly
7.89,udp,other,S0,256,231,0,0,1,151,107,0.9244,0.566,0.021,0.9157,235,48,anomaly
0.49,tcp,ftp_data,SF,422,845,0,0,0,3,32,0.0161,0.0059,0.806,0.2396,165,199,normal
2.97,tcp,ftp_data,SF,226,763,0,0,0,1,8,0.4311,0.0057,0.9213,0.0748,243,200,normal
0.5,tcp,eco_i,SF,334,561,0,0,0,15,22,0.027,0.148,0.7897,0.1406,106,223,normal
1.74,tcp,http,SF,68,76,0,0,0,20,20,0.0145,0.2099,0.7103,0.2708,178,103,normal
3.99,tcp,http,S0,1163,272,0,0,2,221,91,0.5938,0.4111,0.1144,0.81,9,53,anomaly
0.38,tcp,http,SF,117,162,0,0,0,15,34,0.0598,0.0005,0.895,0.1091,93,200,normal
0.05,tcp,http,SF,166,86,0,0,0,37,30,0.0543,0.0108,0.8698,0.1149,126,145,normal
0.79,udp,http,SF,325,483,0,0,0,21,6,0.0012,0.0091,0.8752,0.0906,67,103,normal
8.0,tcp,eco_i,RSTO,5374,45,0,0,1,180,48,0.9378,0.5428,0.2316,0.7154,4,44,anomaly
2.48,tcp,private,SF,252,615,0,0,0,23,20,0.0651,0.0,0.9609,0.09,54,147,normal
24.2,icmp,other,RSTO,11408,469,0,0,4,188,82,0.977,0.7749,0.0367,0.9553,85,27,anomaly
0.92,tcp,http,SF,171,2960,0,0,0,18,10,0.0243,0.0001,0.9641,0.0464,134,103,normal
1.4,tcp,other,SF,245,2258,0,0,0,17,15,0.067,0.0064,0.7762,0.2326,194,150,normal
1.62,tcp,private,S0,143123,2333,0,0,5,188,92,0.5932,0.1594,0.0652,0.9402,165,52,anomaly
34.98,icmp,private,S0,1104,28,0,0,4,89,75,0.5797,0.298,0.2939,0.6898,212,14,anomaly
0.83,udp,http,SF,390,1226,0,0,0,22,31,0.0024,0.0,0.9787,0.0972,45,185,normal
17.88,udp,eco_i,REJ,1831,116,0,0,2,201,128,0.9567,0.6523,0.3594,0.7524,225,21,anomaly
3.69,icmp,eco_i,S0,45,13,0,0,1,152,169,0.9219,0.6498,0.3387,0.7337,142,23,anomaly
1.15,icmp,http,SF,1123,75,0,0,0,11,15,0.1119,0.0342,0.9904,0.0107,84,176,normal
15.27,tcp,domain_u,S0,568,38,0,0,1,146,173,0.655,0.1961,0.5037,0.4939,171,48,anomaly
16.82,icmp,private,S0,14946,43,0,0,3,66,137,0.5421,0.4758,0.1021,0.9525,194,8,anomaly
2.97,udp,private,S0,8748,86,0,0,4,88,9,0.8181,0.1826,0.0323,0.9298,111,59,anomaly
7.02,icmp,domain_u,S0,11250,2,0,0,1,239,129,0.8011,0.4264,0.8138,0.2717,135,12,anomaly
11.54,icmp,private,REJ,251,60,0,0,3,32,135,0.4862,0.5947,0.2446,0.795,55,28,anomaly
17.63,tcp,http,S0,45787,82,0,0,6,90,140,0.5818,0.2302,0.4893,0.4968,165,41,anomaly
1.32,udp,other,REJ,262,75,0,0,1,193,158,0.3464,0.684,0.5561,0.458,204,33,anomaly
39.36,tcp,other,SF,2767,32,0,1,1,165,78,0.6586,0.8585,0.055,0.9764,241,33,anomaly
26.51,icmp,other,SF,1771,939,0,1,2,122,129,0.7193,0.508,0.1175,0.8612,16,9,anomaly
3.78,tcp,private,S0,1277,23,3,0,1,167,102,0.9527,0.4247,0.4553,0.5965,17,15,anomaly
20.76,tcp,domain_u,REJ,26296,96,0,0,4,74,127,0.6119,0.685,0.1601,0.9035,223,10,anomaly
1.16,icmp,http,SF,486,1054,0,0,0,10,33,0.0266,0.0,0.6388,0.3481,251,121,normal
7.43,icmp,other,REJ,122,45,0,0,1,210,57,0.804,0.2406,0.2928,0.6835,71,2,anomaly
4.53,tcp,eco_i,SF,1882,93,0,0,2,91,80,0.8804,0.675,0.3714,0.6233,90,3,anomaly
3.19,tcp,http,SF,61,201,0,0,0,10,11,0.0397,0.0,0.8736,0.0686,129,133,normal
15.71,icmp,eco_i,S0,1551551,1204,0,0,2,140,161,0.61,0.9248,0.5006,0.416,2,10,anomaly
0.8,udp,http,SF,975,350,0,0,0,21,34,0.0728,0.0002,0.8789,0.0995,95,231,normal
0.05,tcp,smtp,SF,137,78,0,0,0,14,23,0.0976,0.0,0.9777,0.0,84,251,normal
14.42,icmp,domain_u,S0,219,42,0,0,1,44,116,0.8323,0.899,0.0715,1.0,101,18,anomaly
1.21,tcp,smtp,SF,67,113,0,0,0,1,1,0.0861,0.0049,0.9005,0.0767,123,249,normal
0.64,icmp,smtp,S0,233,298,0,0,1,116,129,0.6296,0.1229,0.0465,0.9763,161,41,anomaly
23.57,icmp,other,S0,2275,25,0,0,3,234,33,0.6955,0.2976,0.2135,0.755,141,54,anomaly
0.29,tcp,eco_i,SF,859,366,0,0,0,6,17,0.0025,0.1236,0.8679,0.2212,65,146,normal
0.44,udp,http,SF,619,1253,0,0,1,39,24,0.0599,0.0,0.8164,0.1739,51,116,normal
2.5,udp,http,SF,135,193,0,0,0,2,21,0.0084,0.0663,0.9297,0.0081,161,103,normal
7.92,tcp,private,S0,947,17,0,0,4,88,5,0.7367,0.5927,0.3507,0.6829,3,31,anomaly
26.15,udp,ftp_data,SF,3095,4,0,0,5,51,27,0.677,0.7544,0.0643,0.9486,229,30,anomaly
5.7,tcp,eco_i,S0,641,14,0,0,0,41,71,0.1635,0.4893,0.3671,0.693,60,37,anomaly
0.36,udp,smtp,SF,87,5129,0,0,0,8,30,0.0088,0.111,0.7955,0.1968,211,153,normal
1.22,icmp,private,RSTO,1238,48,0,0,2,242,10,0.8963,0.3421,0.3083,0.6971,172,50,anomaly
0.59,tcp,http,SF,362,746,0,0,0,5,23,0.0701,0.0695,0.9214,0.0032,122,190,normal
57.48,icmp,smtp,S0,22,120,0,0,0,65,147,1.0,0.2615,0.3897,0.6521,104,17,anomaly
1.86,tcp,http,SF,170,1684,0,0,0,9,28,0.169,0.0082,0.7187,0.2844,224,130,normal
2.84,tcp,eco_i,S0,9633,110,0,0,3,85,44,0.9488,0.2436,0.2472,0.7466,133,21,anomaly
0.23,icmp,smtp,REJ,264,885,0,0,0,33,5,0.0568,0.0421,0.8986,0.09,175,152,normal
3.19,icmp,other,SF,403,843,0,0,1,123,52,0.4891,0.401,0.4774,0.5084,43,48,anomaly
2.48,tcp,smtp,SF,29,791,0,0,0,21,9,0.0298,0.0112,0.8307,0.2118,47,101,normal
18.17,udp,other,S0,94,5857,3,0,2,229,72,0.9138,0.5787,0.0558,0.8979,229,27,anomaly
17.7,udp,ftp_data,REJ,14997,16,0,0,3,205,139,0.7932,0.2223,0.4515,0.5857,6,54,anomaly
0.62,tcp,http,SF,44,1904,0,0,0,7,33,0.0002,0.0001,0.722,0.1977,188,205,normal
30.65,udp,eco_i,S0,831,387,0,0,2,199,47,0.9081,0.7072,0.0258,0.8783,164,55,anomaly
10.77,udp,eco_i,RSTO,191,321,0,0,1,167,148,0.567,0.8453,0.4095,0.661,165,41,anomaly
0.14,udp,http,SF,1644,1073,0,0,0,20,17,0.0337,0.0013,0.964,0.0,205,112,normal
0.38,tcp,http,SF,395,131,0,0,0,26,6,0.003,0.0075,0.9788,0.0264,118,212,normal
11.15,tcp,domain_u,SF,8630,56,0,1,3,155,178,0.7021,0.6111,0.4266,0.56,204,3,anomaly
0.84,tcp,smtp,SF,668,10,0,0,0,13,5,0.0187,0.0002,0.8296,0.1876,6,233,normal
8.0,tcp,domain_u,S0,17523,5,0,0,0,172,45,0.4552,0.5987,0.0317,0.9709,30,32,anomaly
0.46,tcp,http,SF,141,3682,0,0,0,2,7,0.0061,0.1603,0.9954,0.0567,101,163,normal
2.33,udp,http,SF,28253,24,0,0,0,154,54,0.6489,0.409,0.0972,0.8313,126,56,anomaly
1.1,udp,http,SF,65,1212,0,0,0,31,19,0.039,0.0117,0.9197,0.1138,220,230,normal
9.36,udp,private,SF,5,23,0,0,3,32,90,0.6434,0.9665,0.1086,0.8888,138,35,anomaly
1.69,udp,smtp,SF,243,11,0,0,3,136,163,0.9914,0.757,0.0106,0.9128,156,23,anomaly
17.44,tcp,private,SF,11953,9,0,0,2,99,41,0.3958,0.481,0.1677,0.8058,6,16,anomaly
32.34,tcp,eco_i,REJ,2449,15,1,0,2,131,154,0.6547,0.7822,0.4383,0.4815,73,36,anomaly
1.28,tcp,http,SF,1829,31,0,0,0,16,22,0.1491,0.0,0.9577,0.0,24,204,normal
5.53,udp,other,S0,509,8,0,0,1,76,124,0.6304,0.5175,0.0315,0.9467,52,39,anomaly
2.64,tcp,http,SF,119,2873,0,0,0,25,8,0.2034,0.02,0.6766,0.3827,82,194,normal
0.59,tcp,http,SF,657,1304,0,0,0,39,27,0.3401,0.0018,0.9591,0.0565,68,165,normal
0.41,icmp,domain_u,S0,366,9156,0,0,1,8,29,0.0945,0.011,0.7771,0.2878,173,123,normal
0.46,tcp,smtp,SF,304,8300,0,0,0,8,8,0.0015,0.0007,0.9122,0.0916,118,105,normal
2.43,udp,other,S0,144471,5353,0,0,0,74,129,0.7086,0.6093,0.6764,0.4011,250,31,anomaly
3.5,icmp,eco_i,S0,10560,1,0,0,1,23,60,0.821,0.551,0.076,0.9963,215,38,anomaly
1.05,udp,http,SF,1090,690,0,0,0,5,16,0.0199,0.0092,0.798,0.1545,27,189,normal
0.11,udp,smtp,SF,230,157,0,0,0,19,8,0.0151,0.001,0.6687,0.3348,196,229,normal
19.0,tcp,eco_i,RSTO,3845,17,1,0,3,234,125,0.7762,0.6826,0.1083,0.8556,13,47,anomaly
2.46,tcp,http,SF,213,23,0,0,1,9,33,0.0055,0.0,0.6834,0.3094,203,143,normal
0.51,tcp,private,SF,59,7410,0,0,1,29,5,0.0194,0.134,0.5796,0.5033,75,100,normal
1.64,tcp,http,SF,750,7275,0,0,0,37,17,0.0063,0.0984,0.7747,0.1932,147,229,normal
8.54,icmp,other,SF,692,60,0,0,3,95,136,0.5072,0.289,0.2567,0.684,161,6,anomaly
1.91,udp,private,S0,427,9,0,0,2,140,166,0.7032,0.588,0.2877,0.6563,206,36,anomaly
2.8,udp,smtp,S0,72,768,0,0,0,16,32,0.0507,0.0,0.7478,0.2325,13,160,normal
1.12,tcp,http,SF,657,158,0,0,0,30,14,0.1015,0.0,0.9983,0.189,7,190,normal
15.05,tcp,domain_u,REJ,8921,14,0,0,2,227,179,0.7976,0.4825,0.1315,0.9421,33,41,anomaly
33.31,udp,eco_i,SF,105,29,1,0,1,108,9,0.9238,0.8346,0.0649,0.7914,160,24,anomaly
1.03,tcp,http,SF,790,411,0,0,0,19,30,0.0011,0.0334,0.9175,0.0807,45,101,normal
35.04,udp,http,S0,502,16,0,0,1,217,60,0.8257,0.8507,0.1516,0.817,56,51,anomaly
2.1,tcp,http,SH,191,929,0,0,0,17,5,0.0001,0.0001,0.9737,0.0756,229,193,normal
0.37,tcp,http,SF,124,5678,0,0,0,24,18,0.1141,0.0059,0.796,0.145,200,230,normal
4.32,icmp,eco_i,S0,398976,4,0,1,3,142,123,0.8924,0.1788,0.0033,0.9449,46,19,anomaly
3.01,tcp,http,SF,388,859,0,0,0,37,29,0.0142,0.0016,0.8109,0.1605,226,200,normal
42.93,icmp,private,SF,330,2,0,1,1,231,30,0.7186,0.4029,0.1392,0.8262,19,53,anomaly
0.78,tcp,other,SF,209,1527,0,0,0,39,7,0.2277,0.0078,0.6854,0.3472,100,249,normal
0.36,udp,http,REJ,313,265,0,0,0,16,7,0.178,0.0,0.9961,0.0,162,181,normal
35.35,icmp,domain_u,S0,1242,527,0,0,1,69,66,0.9825,0.5507,0.1081,0.9421,228,18,anomaly
0.5,tcp,other,SF,245,1512,0,0,0,27,27,0.1025,0.0235,0.6906,0.2689,191,208,normal
0.11,tcp,private,REJ,347,46,0,0,1,177,128,0.736,0.5927,0.1601,0.8832,70,29,anomaly
2.04,udp,http,SF,925,4426,0,0,1,28,1,0.0119,0.0,0.6658,0.2763,251,212,normal
0.44,tcp,http,SF,349,5695,0,0,0,1,6,0.049,0.0373,0.8313,0.1995,125,137,normal
0.91,tcp,http,SH,393,225,0,0,0,39,31,0.0962,0.0,0.9751,0.0,247,129,normal
4.96,udp,private,SH,67189,78,0,0,4,220,148,0.8858,0.4975,0.3134,0.7311,54,52,anomaly
6.03,tcp,ftp_data,SF,141,1743,0,0,0,23,5,0.0883,0.0009,0.7446,0.1333,183,119,normal
11.4,icmp,ftp_data,RSTO,2062,172,0,0,3,211,92,0.6069,0.4244,0.2573,0.7036,50,31,anomaly
0.13,tcp,http,SF,39,1370,0,0,0,4,5,0.0527,0.0462,0.9817,0.0767,65,211,normal
13.01,tcp,other,S0,1313,76,0,0,6,180,147,0.4567,0.4746,0.094,0.8959,45,32,anomaly
1.34,tcp,http,SF,119,74,0,0,0,18,31,0.1445,0.0277,0.9093,0.0056,30,241,normal
20.54,tcp,other,SF,2024,7,0,0,3,38,66,0.8195,0.7997,0.2106,0.7541,79,22,anomaly
28.32,tcp,eco_i,SF,1408,17,0,0,2,18,76,0.8575,0.3817,0.1317,0.8875,73,2,anomaly
1.53,udp,private,SF,1176,131,0,0,2,105,54,0.9093,0.606,0.2698,0.6896,247,51,anomaly
9.11,udp,other,S0,17797,128,0,1,0,211,58,0.9726,0.4422,0.0005,1.0,61,15,anomaly
4.02,icmp,eco_i,S0,2441,194,0,0,1,121,58,0.5347,0.8098,0.0624,0.9919,221,40,anomaly
0.58,tcp,other,S0,7517,855,0,0,2,27,160,0.8867,0.2228,0.3034,0.73,187,17,anomaly
0.24,tcp,http,RSTO,3290,1400,0,0,0,33,27,0.0001,0.0001,0.841,0.2105,130,158,normal
0.16,tcp,http,REJ,867,132,0,0,0,16,33,0.0162,0.0,0.8928,0.0815,158,146,normal
2.13,icmp,other,REJ,260,97,1,0,1,115,78,0.9166,0.29,0.4937,0.5806,174,35,anomaly
20.08,icmp,other,S0,121,9,0,0,1,174,165,0.7366,0.8481,0.2043,0.8495,254,25,anomaly
23.04,tcp,domain_u,S0,2435,253830,3,0,2,180,133,0.8845,0.4731,0.0354,0.9582,247,10,anomaly
0.33,tcp,eco_i,SF,56,1138,0,0,0,3,13,0.0903,0.0561,0.8814,0.0373,68,125,normal
0.43,tcp,http,SF,65,188,0,0,0,24,20,0.0739,0.0,0.9073,0.0,147,131,normal
0.29,udp,http,SF,1214,115,0,0,0,23,9,0.0085,0.0076,0.9455,0.1039,212,238,normal
4.64,udp,http,SH,317155,16,0,0,3,71,121,0.1981,0.3562,0.2619,0.6576,5,14,anomaly
2.89,tcp,http,SF,55,506,0,0,1,32,18,0.0095,0.0766,0.975,0.0,73,151,normal
0.39,udp,http,SF,146,16913,0,0,0,33,25,0.0839,0.0173,0.8566,0.1672,212,229,normal
0.6,tcp,http,SF,184,703,0,0,0,30,15,0.1151,0.0464,0.969,0.0,57,148,normal
0.35,tcp,http,SF,338,10111,0,0,0,2,23,0.1394,0.0,0.9303,0.1914,191,212,normal
7.05,tcp,domain_u,S0,3402,1573,3,0,2,180,77,0.7638,0.4617,0.5271,0.4848,52,44,anomaly
0.03,icmp,http,SF,91,63,0,0,0,30,18,0.0137,0.0004,0.942,0.1319,113,116,normal
2.53,icmp,other,REJ,23581,103,0,0,1,186,172,0.6799,0.3467,0.4027,0.6495,59,1,anomaly
1.11,icmp,http,SF,114,3959,0,0,0,5,10,0.1049,0.1637,0.8867,0.0,60,195,normal
3.43,tcp,http,SF,203,9266,0,0,0,5,31,0.0455,0.0006,0.8549,0.1823,123,230,normal
0.27,tcp,http,SF,558,206,0,0,1,8,7,0.0372,0.0664,0.9674,0.0318,80,141,normal
2.45,tcp,http,SF,113,333,0,0,1,9,8,0.049,0.0206,0.9566,0.0403,123,215,normal
2.36,tcp,http,SF,124,115,0,0,2,32,34,0.0,0.02,0.9462,0.0525,241,194,normal
0.2,tcp,ftp_data,S0,498,44,0,0,1,14,9,0.0006,0.0051,0.5877,0.465,84,225,normal
7.96,udp,other,S0,1614,62,1,0,3,57,84,0.5668,0.407,0.5576,0.5246,148,54,anomaly
0.28,tcp,eco_i,S0,154,929,0,0,0,18,27,0.0732,0.0009,0.6378,0.3026,218,191,normal
4.64,tcp,other,RSTO,585,10,0,0,1,77,116,0.7677,0.5894,0.1462,0.8577,103,25,anomaly
39.86,icmp,other,S0,553,113,0,0,2,87,102,0.5436,0.7796,0.1485,0.9216,161,13,anomaly
12.31,tcp,domain_u,SF,6704,1516,0,0,1,200,92,0.7606,0.431,0.0164,0.9733,140,40,anomaly
0.8,tcp,http,SF,431,313,0,0,0,15,17,0.013,0.0053,0.7989,0.2113,149,100,normal
4.43,tcp,domain_u,SF,463,1481,0,0,0,7,16,0.2428,0.0,0.8374,0.1735,250,179,normal
0.2,tcp,http,SF,68,75,0,0,0,13,2,0.4251,0.0027,0.9038,0.2019,56,135,normal
5.46,tcp,http,SF,281,500,0,0,0,34,31,0.1398,0.0008,0.8314,0.206,120,200,normal
1.19,tcp,http,S0,3653,277,0,0,1,90,153,0.9678,0.8642,0.1885,0.915,151,42,anomaly
2.22,icmp,private,SF,360,1086,0,0,0,5,33,0.0002,0.0006,0.9551,0.1321,148,160,normal
0.62,tcp,other,SF,281,839,0,0,0,1,21,0.5307,0.0002,0.9111,0.0776,215,175,normal
10.14,icmp,domain_u,SF,46764,2,3,0,3,158,148,0.8892,0.334,0.1171,0.8979,49,22,anomaly
0.66,tcp,domain_u,S0,2899,1254,0,0,2,97,72,0.8688,0.5407,0.5407,0.5619,175,25,anomaly
1.82,tcp,eco_i,S0,835,8,0,0,0,191,158,0.497,0.7448,0.3092,0.6337,70,55,anomaly
1.61,tcp,smtp,SH,56,789,0,0,0,29,11,0.1824,0.0834,0.8995,0.1386,45,140,normal
1.25,tcp,http,SF,167,942,0,0,0,38,30,0.0007,0.0,0.9427,0.0959,247,220,normal
0.96,tcp,http,RSTO,1299,741,0,0,0,10,18,0.0008,0.0061,0.9798,0.0064,204,120,normal
1.03,udp,http,SF,359,99,0,0,1,29,16,0.0002,0.0307,0.7366,0.2443,163,139,normal
1.98,tcp,http,SF,239,92,0,0,0,31,6,0.0559,0.0001,0.9659,0.0219,72,192,normal
0.14,tcp,domain_u,SF,2381,24,0,0,0,11,2,0.1511,0.0069,0.7995,0.2357,120,178,normal
1.65,tcp,ftp_data,SF,48,2267,0,0,0,23,10,0.5478,0.3068,0.9573,0.1163,120,177,normal
3.39,tcp,http,SF,65,2302,0,0,1,30,4,0.0054,0.0,0.9812,0.0557,155,201,normal
0.09,tcp,http,SF,1911,2357,0,0,0,25,10,0.0072,0.0004,0.977,0.0,208,254,normal
1.35,udp,eco_i,REJ,2216,181,0,0,1,119,107,0.8598,0.383,0.289,0.7863,47,30,anomaly
8.15,tcp,eco_i,S0,3337,51,0,0,4,155,51,0.8999,0.2666,0.2338,0.8258,245,7,anomaly
2.1,tcp,http,S0,2176,2,0,0,2,236,156,0.6963,0.4946,0.2575,0.7303,32,13,anomaly
0.78,tcp,http,RSTO,419,859,0,0,0,37,4,0.0101,0.0564,0.9153,0.052,29,176,normal
0.22,tcp,eco_i,SF,470,815,0,0,1,28,13,0.0984,0.0035,0.932,0.0226,199,134,normal
1.06,tcp,eco_i,SF,66,476,0,0,0,27,32,0.2777,0.0123,0.8779,0.1758,208,184,normal
5.43,icmp,eco_i,SF,47111,458,0,0,4,229,117,0.9921,0.5545,0.5357,0.3703,53,29,anomaly
12.24,udp,eco_i,RSTO,3792,363,0,0,2,26,163,0.7765,0.0928,0.3775,0.6775,93,51,anomaly
2.16,tcp,private,RSTO,333,797,0,0,0,37,26,0.1993,0.0811,0.6061,0.3713,184,252,normal
6.75,tcp,eco_i,RSTO,147,27,0,0,1,119,58,0.754,0.5247,0.1976,0.8167,217,13,anomaly
0.98,icmp,http,SF,1099,2902,0,0,0,25,13,0.0193,0.005,0.9827,0.0,43,218,normal
7.25,tcp,smtp,SF,734,349,0,0,0,13,32,0.0373,0.0616,0.6065,0.3048,100,207,normal
0.5,icmp,http,SF,42121,203,0,0,3,77,19,0.988,0.6102,0.4581,0.5079,112,57,anomaly
29.4,tcp,eco_i,S0,905,0,1,0,4,192,64,0.5598,0.3958,0.2408,0.7136,132,15,anomaly
21.48,udp,eco_i,SF,339,7,0,0,1,189,116,0.9234,0.4305,0.0926,0.9453,192,51,anomaly
4.24,tcp,domain_u,S0,10846,10,0,0,2,22,47,0.9768,0.4724,0.1378,0.8774,91,30,anomaly
0.06,tcp,http,SH,144,624,0,0,0,38,7,0.0568,0.0,0.6719,0.4248,215,154,normal
0.38,tcp,other,REJ,2533,7,0,0,0,25,172,0.8169,0.2024,0.4917,0.534,151,5,anomaly
0.34,tcp,http,SF,1695,102,0,0,1,18,32,0.0263,0.0,0.8679,0.0996,60,144,normal
8.97,tcp,other,REJ,1677,32,0,0,0,169,67,0.6191,0.439,0.1747,0.8865,30,30,anomaly
2.8,tcp,ftp_data,SF,751,250,0,0,0,4,32,0.187,0.0278,0.8682,0.1086,43,132,normal
5.4,icmp,other,SF,18583,9,1,0,3,109,176,0.9156,0.7821,0.1475,0.8265,216,16,anomaly
1.59,tcp,private,SF,64,6126,0,0,1,38,4,0.0,0.0529,0.9957,0.0044,48,105,normal
54.51,tcp,eco_i,S0,1289,4,0,0,0,220,32,0.6418,0.2022,0.3466,0.7344,208,43,anomaly
1.32,tcp,http,SF,784,58,0,0,0,7,16,0.1068,0.0001,0.9414,0.1112,7,253,normal
12.77,tcp,eco_i,S0,16,228,0,0,2,137,112,0.6631,0.3223,0.3537,0.6973,87,21,anomaly
1.29,tcp,http,SF,525,604,0,0,0,23,2,0.0253,0.0165,0.6289,0.4691,230,156,normal
0.63,tcp,domain_u,RSTO,3972,108,0,0,0,20,6,0.3183,0.0038,0.8795,0.1703,31,168,normal
0.13,udp,http,SF,875,1760,0,0,0,2,14,0.0161,0.0004,0.9195,0.0191,118,140,normal
7.4,tcp,http,SF,1335,709,0,0,1,21,29,0.0085,0.0408,0.901,0.126,234,206,normal
7.9,icmp,private,REJ,1349,11,0,0,0,112,109,0.923,0.6816,0.1065,0.9747,19,45,anomaly
0.11,tcp,smtp,SF,782,230,0,0,0,27,18,0.0828,0.0106,0.9044,0.0197,52,111,normal
0.85,tcp,private,SF,218,149,0,0,2,33,152,0.9124,0.5745,0.7516,0.2476,239,30,anomaly
0.54,tcp,http,SF,636,47282,0,0,0,8,25,0.0011,0.05,0.9364,0.0102,250,200,normal
1.58,tcp,http,SF,537,438,0,0,0,21,29,0.0092,0.0214,0.9109,0.0955,68,120,normal
16.08,tcp,eco_i,REJ,3263,11,1,0,2,30,83,0.7592,0.3946,0.4339,0.6228,249,2,anomaly
2.52,udp,domain_u,SF,1588,50,0,0,2,59,125,0.9506,0.5134,0.0486,1.0,134,23,anomaly
0.46,tcp,smtp,REJ,128,451,0,0,0,12,30,0.0963,0.0001,0.8526,0.1381,252,132,normal
2.91,tcp,private,S0,602,26,0,0,0,203,72,0.9055,0.2231,0.2022,0.8309,122,23,anomaly
23.73,tcp,other,S0,652,448,0,0,3,168,35,0.4111,0.1233,0.1949,0.7299,211,22,anomaly
1.91,tcp,eco_i,SF,71,121,0,0,0,12,1,0.0974,0.0054,0.814,0.0986,60,228,normal
8.77,udp,other,SF,11937,251,0,0,1,171,51,0.9662,0.7878,0.1271,0.9289,219,27,anomaly
5.21,tcp,other,S0,546,31,0,0,4,127,62,0.472,0.3801,0.0779,0.7707,244,34,anomaly
3.2,tcp,other,S0,318,23,0,0,1,135,154,0.8782,0.7285,0.3014,0.6642,93,11,anomaly
1.05,tcp,http,SF,259,1296,0,0,1,25,19,0.0352,0.0,0.956,0.0778,118,176,normal
3.75,icmp,private,REJ,1694,22,1,0,1,141,38,0.7145,0.2857,0.3931,0.618,140,37,anomaly
3.79,tcp,ftp_data,SF,90,5014,0,0,0,10,10,0.0004,0.039,0.9608,0.0,166,239,normal
0.08,tcp,http,SF,185,1164,0,0,0,28,27,0.2169,0.0037,0.7495,0.2768,141,105,normal
1.28,udp,http,SF,559,72,0,0,0,29,20,0.1612,0.0169,0.9141,0.0428,252,197,normal
2.88,tcp,http,SF,472,23,0,0,0,36,25,0.3418,0.0005,0.8755,0.1306,28,106,normal
14.2,udp,http,S0,390,28,0,0,0,124,152,0.3846,0.6329,0.6129,0.3559,5,46,anomaly
8.06,tcp,other,SF,1544,130,0,0,1,125,120,0.9035,0.1813,0.0564,0.909,174,38,anomaly
8.62,udp,private,SF,506,0,0,0,3,237,102,0.9987,0.5359,0.082,0.828,46,37,anomaly
1.98,tcp,http,S0,103,656,0,0,0,26,24,0.0159,0.0001,0.8851,0.097,81,250,normal
4.06,tcp,http,SF,263,3643,0,0,0,18,7,0.0261,0.0452,0.8986,0.1632,155,117,normal
1.61,tcp,eco_i,SF,284,91,0,0,0,4,4,0.028,0.0018,0.8984,0.0805,154,234,normal
14.72,udp,http,SF,2478,34,0,0,0,29,69,0.9966,0.3081,0.229,0.7522,246,25,anomaly
0.07,tcp,http,SF,685,1962,0,0,1,23,13,0.0049,0.0007,0.909,0.0558,62,124,normal
4.79,tcp,eco_i,RSTO,1723,138,0,0,3,72,178,0.6574,0.834,0.0397,0.896,196,22,anomaly
0.52,udp,private,REJ,5020,57,0,0,2,16,58,0.86,0.0764,0.3526,0.5975,72,32,anomaly
0.04,tcp,smtp,SF,124,765,0,0,0,15,8,0.0899,0.0014,0.7083,0.3028,90,122,normal
9.44,udp,eco_i,SH,29698,9,0,0,2,194,171,0.6507,0.9531,0.0109,1.0,97,26,anomaly
0.99,tcp,http,REJ,2770,182,0,0,0,30,24,0.0757,0.0004,0.9248,0.124,128,248,normal
17.15,tcp,other,REJ,131,159,0,0,1,67,58,0.9922,0.3773,0.0401,0.9909,140,10,anomaly
50.34,icmp,domain_u,SH,2634,2,0,0,3,108,47,0.8709,0.1215,0.4559,0.6437,205,17,anomaly
0.1,tcp,ftp_data,SF,29,2317,0,0,0,8,30,0.0224,0.0,0.8562,0.1671,213,221,normal
1.28,tcp,http,SF,15,2278,0,0,1,35,30,0.0,0.0293,0.9949,0.0589,180,211,normal
24.99,icmp,domain_u,S0,150123,430,0,0,4,227,157,0.6925,0.0732,0.1146,0.896,165,29,anomaly
14.63,tcp,eco_i,REJ,375,603,0,0,2,53,47,0.9882,0.0886,0.2619,0.7607,153,46,anomaly
2.55,tcp,http,SF,1165,941,0,0,0,30,19,0.0671,0.0129,0.8317,0.0979,39,118,normal
9.33,udp,other,RSTO,54,13,1,0,2,155,159,0.6391,0.4186,0.3206,0.6639,195,4,anomaly
22.73,udp,eco_i,S0,4482,6,0,0,1,118,157,0.9952,0.5038,0.7874,0.1845,147,30,anomaly
7.85,tcp,domain_u,S0,308,1,0,0,1,119,40,0.7442,0.2869,0.3608,0.6085,71,58,anomaly
1.78,tcp,http,SF,77,106,0,0,0,20,15,0.0089,0.0004,0.951,0.0153,209,165,normal
8.16,udp,private,S0,200,24420,0,0,0,69,125,0.8994,0.6867,0.0994,0.9721,77,34,anomaly
10.39,tcp,smtp,S0,7819,251,3,0,2,174,13,0.123,0.1303,0.5445,0.4371,24,14,anomaly
1.57,tcp,http,S0,392,263,0,0,0,12,17,0.0342,0.0129,0.9894,0.0034,179,143,normal
0.65,udp,http,SF,71,2171,0,0,0,28,26,0.014,0.0,0.6693,0.4439,45,236,normal
13.46,tcp,other,REJ,321,9,0,0,1,169,25,0.9961,0.2268,0.1739,0.8649,8,59,anomaly
0.22,tcp,http,SF,408,99,0,0,0,5,4,0.2473,0.0,0.9984,0.002,200,110,normal
1.26,icmp,eco_i,S0,403,238,0,0,3,129,30,0.9948,0.5033,0.2831,0.7698,173,25,anomaly
0.01,tcp,http,REJ,95,3189,0,0,0,12,11,0.001,0.2429,0.9825,0.0,130,155,normal
3.88,udp,ftp_data,SF,559,163,0,0,0,1,30,0.0424,0.1031,0.9595,0.0193,158,231,normal
0.98,icmp,eco_i,S0,198,1,0,0,0,92,102,0.9516,0.7624,0.1642,0.8177,67,25,anomaly
0.15,tcp,http,SF,1647,75,0,0,0,29,21,0.0078,0.0162,0.9528,0.0596,173,136,normal
0.61,tcp,http,SF,446,261,0,0,1,39,5,0.04,0.0,0.9323,0.091,154,189,normal
0.7,tcp,http,SF,136,1364,0,0,0,25,5,0.1386,0.0179,0.7122,0.2403,17,216,normal
1.12,icmp,http,SF,29822,72,0,1,4,209,21,0.7142,0.1859,0.3239,0.6965,38,25,anomaly
1.32,tcp,ftp_data,SF,264,988,0,0,0,17,25,0.108,0.1517,0.9304,0.0999,67,179,normal
0.88,tcp,http,SF,102,955,0,0,1,28,10,0.1441,0.006,0.8181,0.1585,57,204,normal
52.21,tcp,private,S0,1554,1363,0,0,4,129,70,0.2309,0.0977,0.6421,0.3496,161,40,anomaly
0.58,tcp,smtp,SF,568,2318,0,0,0,5,32,0.0128,0.0001,0.8976,0.0455,94,129,normal
13.96,tcp,eco_i,SF,485,3,0,0,0,35,164,0.8501,0.7729,0.3403,0.5843,207,13,anomaly
1.76,tcp,smtp,S0,505,941,0,0,0,3,34,0.0007,0.0007,0.8837,0.059,72,145,normal
1.19,icmp,other,SF,4705,17,0,0,3,246,175,0.6286,0.8201,0.0718,0.9643,94,34,anomaly
1.8,tcp,ftp_data,SF,128,2178,0,0,0,29,24,0.1791,0.0353,0.8524,0.1737,64,169,normal
4.05,udp,private,REJ,2453,1020,0,0,0,59,114,0.938,0.2919,0.4499,0.6464,23,48,anomaly
0.16,udp,http,SF,83,119,0,0,0,4,32,0.0966,0.0,0.9197,0.0822,12,149,normal
0.48,udp,http,SF,73,1461,0,0,0,1,9,0.2045,0.0147,0.726,0.2766,103,114,normal
2.67,tcp,private,SF,30,178,0,0,0,15,5,0.078,0.0,0.7702,0.2467,251,119,normal
5.9,tcp,http,SF,143,97,0,0,0,24,5,0.2497,0.0134,0.735,0.2117,240,226,normal
1.02,tcp,http,SF,134,597,0,0,0,31,34,0.0159,0.0026,0.9944,0.0507,8,187,normal
0.01,udp,http,SF,460,171,0,0,0,20,7,0.0241,0.0,0.965,0.0541,201,139,normal
0.76,icmp,other,RSTO,128,16,1,0,0,115,6,0.9079,0.6531,0.2125,0.7401,200,17,anomaly
0.58,tcp,smtp,SF,58,2257,0,0,0,11,1,0.1055,0.0,0.9465,0.0721,38,196,normal
1.3,tcp,smtp,SF,153,38,0,0,0,18,34,0.3979,0.0113,0.8096,0.2283,33,211,normal
13.9,icmp,eco_i,S0,4164,0,0,0,3,32,35,0.3491,0.1702,0.029,0.9044,176,12,anomaly
3.45,udp,domain_u,S0,252,3,1,1,2,153,67,0.9512,0.3618,0.3982,0.6547,97,13,anomaly
0.68,tcp,http,SF,75,332,0,0,0,38,12,0.0562,0.0017,0.9946,0.0,45,171,normal
3.66,tcp,other,SF,97,1317,0,0,0,16,6,0.0411,0.0025,0.79,0.0565,75,103,normal
2.27,udp,http,SF,1367,462,0,0,0,24,20,0.3156,0.0166,0.8437,0.2049,151,126,normal
6.22,icmp,ftp_data,SH,259,86,0,0,3,207,44,0.8474,0.1913,0.1745,0.8926,107,2,anomaly
5.42,udp,domain_u,S0,1442,96,0,0,2,196,27,0.7034,0.7213,0.2843,0.6595,243,6,anomaly
1.48,tcp,http,SF,41,21,0,0,0,7,4,0.0058,0.0,0.9901,0.0,115,242,normal
13.29,tcp,smtp,SF,251,1282,0,0,1,163,22,0.4901,0.6492,0.3772,0.6891,43,23,anomaly
42.35,udp,private,SF,7964,47,0,0,4,43,83,0.7621,0.6608,0.449,0.5202,25,13,anomaly
2.32,tcp,other,SF,5276,17,0,0,1,151,38,0.7124,0.609,0.34,0.7272,15,2,anomaly
10.91,tcp,ftp_data,RSTO,20293,10,0,0,1,203,160,0.5306,0.3772,0.2685,0.6419,10,56,anomaly
1.98,udp,http,SF,444,6730,0,0,0,33,14,0.0644,0.0027,0.9566,0.1137,148,233,normal
2.25,tcp,smtp,SF,530,105,0,0,1,19,18,0.0748,0.0419,0.8871,0.1666,16,224,normal
3.09,tcp,http,SF,108,677,0,0,0,26,10,0.0454,0.0787,0.9724,0.0547,99,124,normal
0.36,tcp,eco_i,SF,170,1467,0,0,0,11,23,0.0243,0.0,0.8311,0.0687,125,188,normal
0.13,udp,domain_u,SF,119,59,0,0,0,31,18,0.1049,0.0065,0.9942,0.0,98,149,normal
9.41,udp,other,SH,1068,1272,1,0,5,248,167,0.8323,0.4589,0.0252,1.0,213,57,anomaly
1.08,icmp,smtp,SF,1029,533,0,0,0,36,32,0.0242,0.0071,0.9528,0.0,57,178,normal
2.65,tcp,http,SF,97,176,0,0,0,29,6,0.2891,0.0001,0.9379,0.036,46,166,normal
0.88,udp,http,SF,813,196,0,0,1,25,26,0.1726,0.0,0.7835,0.2363,111,199,normal
15.03,udp,eco_i,S0,338,23,3,0,1,29,97,0.8092,0.4876,0.4396,0.5025,124,19,anomaly
1.12,tcp,other,REJ,88,1762,0,0,1,3,5,0.3328,0.0031,0.9165,0.1485,248,195,normal
0.06,tcp,eco_i,SF,653,398,0,0,0,18,14,0.0067,0.0002,0.8686,0.1866,232,202,normal
1.43,tcp,http,SF,740,3353,0,0,0,7,2,0.0511,0.0072,0.9255,0.0866,129,100,normal
2.64,udp,smtp,SF,680,149,0,0,0,28,13,0.0256,0.0002,0.9957,0.026,25,250,normal
7.6,tcp,private,SF,2909,10,0,0,3,115,162,0.8699,0.6746,0.0693,0.9036,56,17,anomaly
5.5,tcp,other,SF,4719,2,1,0,2,95,73,0.5738,0.4896,0.2262,0.8033,46,49,anomaly
1.35,udp,http,SF,657,248,0,0,0,18,20,0.0001,0.1536,0.8568,0.1134,187,198,normal
4.45,udp,other,SF,2874,2521,0,0,1,18,89,0.8861,0.7832,0.4625,0.5276,190,12,anomaly
13.08,tcp,domain_u,S0,283,25,0,0,5,198,118,0.788,0.1333,0.6943,0.2811,206,35,anomaly
13.15,icmp,domain_u,SF,23786,389,0,0,1,227,143,0.8098,0.6799,0.4435,0.6283,189,37,anomaly
0.75,tcp,smtp,RSTO,104,399,0,0,0,10,3,0.0123,0.0,0.9265,0.1339,211,173,normal
0.39,udp,http,SF,2108,455,0,0,0,19,25,0.0622,0.0017,0.8572,0.0926,8,132,normal
0.28,tcp,domain_u,RSTO,1562,524,0,0,0,15,4,0.1728,0.078,0.9483,0.1186,41,205,normal
2.83,tcp,eco_i,SF,2708,0,1,0,2,210,108,0.9307,0.7304,0.3351,0.625,143,43,anomaly
1.41,tcp,ftp_data,SF,1253,508,0,0,0,21,7,0.0612,0.0038,0.9034,0.1892,44,126,normal
1.55,tcp,http,SH,264,22384,0,0,0,37,25,0.0514,0.0025,0.9899,0.0886,82,206,normal
0.14,tcp,http,SF,613,813,0,0,0,28,15,0.0603,0.0048,0.9387,0.1709,129,127,normal
3.1,icmp,private,S0,219,127,0,0,2,210,135,0.7731,0.5162,0.0238,0.9909,111,43,anomaly
0.74,tcp,http,SF,329,2226,0,0,0,27,4,0.35,0.0,0.7419,0.2441,225,133,normal
1.64,udp,domain_u,S0,2762,146,0,0,0,142,96,0.7037,0.3307,0.2048,0.7801,193,8,anomaly
12.24,icmp,eco_i,REJ,13640,242,0,0,1,81,35,0.8205,0.6272,0.6007,0.418,117,9,anomaly
0.74,tcp,http,SF,221,1094,0,0,1,6,27,0.0021,0.0156,0.8418,0.1075,162,156,normal
1.73,udp,http,S0,310,3,0,0,2,171,128,0.9708,0.6975,0.3103,0.5692,132,33,anomaly
3.97,tcp,domain_u,SF,761,282,0,0,0,18,13,0.0001,0.0,0.7848,0.1953,81,249,normal
4.98,icmp,eco_i,REJ,4723,11,0,0,1,128,179,0.6478,0.8767,0.1591,0.843,130,34,anomaly
2.99,tcp,eco_i,SF,128,4248,0,0,0,15,30,0.1172,0.0002,0.9324,0.0953,167,126,normal
9.78,udp,other,S0,22758,619,0,0,1,108,21,0.9602,0.1296,0.4049,0.615,249,18,anomaly
3.55,tcp,http,SF,7479,1786,0,0,2,26,103,0.9228,0.4826,0.0049,1.0,182,27,anomaly
12.63,icmp,eco_i,SF,6484,2678,0,0,4,221,104,0.8852,0.8041,0.5047,0.5538,138,49,anomaly
1.48,icmp,eco_i,S0,53920,87,1,0,1,66,108,0.9613,0.4211,0.3296,0.6268,42,44,anomaly
0.48,tcp,private,S0,514,1906,0,0,0,25,29,0.3654,0.0,0.7792,0.1872,45,171,normal
6.9,icmp,eco_i,REJ,6583,1677,0,0,2,247,101,0.2031,0.6835,0.2385,0.8669,101,38,anomaly
3.74,tcp,http,SF,952,11,0,1,3,16,64,0.9285,0.3232,0.2134,0.6274,154,39,anomaly
11.12,udp,other,S0,119,877,0,0,2,15,118,0.9491,0.7978,0.1873,0.8687,27,17,anomaly
0.62,tcp,http,SF,179,9017,0,0,0,32,30,0.2268,0.0397,0.6185,0.4097,167,209,normal
81.8,udp,private,SF,1775,536,0,0,1,234,116,0.5485,0.8165,0.153,0.8469,153,32,anomaly
11.23,icmp,other,SF,2042,87,0,0,2,118,153,0.563,0.0357,0.2471,0.7977,29,23,anomaly
6.22,tcp,other,REJ,85184,1395,1,0,1,113,129,0.7364,0.0213,0.2224,0.8135,110,44,anomaly
1.41,tcp,http,S0,420,4004,0,0,0,4,20,0.0648,0.0217,0.979,0.0,210,112,normal
3.57,udp,eco_i,S0,19105,1,0,0,2,206,85,0.5451,0.7363,0.0014,0.9499,22,11,anomaly
0.46,tcp,smtp,SF,424,621,0,0,0,26,30,0.0386,0.0,0.9306,0.0454,115,158,normal
5.49,icmp,other,S0,969,5,0,0,2,96,50,0.3637,0.0469,0.0411,0.8529,90,51,anomaly
0.9,tcp,other,SF,29,1015,0,0,0,27,25,0.0423,0.0015,0.9835,0.0161,188,114,normal
5.51,udp,private,S0,410,44,0,0,1,64,93,0.5731,0.565,0.3079,0.7239,90,51,anomaly
5.61,udp,ftp_data,S0,5187,1033,1,0,2,35,157,0.8094,0.2923,0.0135,1.0,180,48,anomaly
1.62,tcp,other,SF,66,17162,0,0,0,7,20,0.0114,0.0966,0.5806,0.4233,85,107,normal
21.74,icmp,other,S0,11919,160,0,0,2,99,178,0.9491,0.1177,0.2576,0.7049,149,36,anomaly
2.0,tcp,http,SF,412,646,0,0,0,23,4,0.1175,0.0273,0.5811,0.4301,106,218,normal
11.43,tcp,other,S0,893,157,0,0,2,103,67,0.526,0.8102,0.26,0.7361,136,5,anomaly
4.88,icmp,eco_i,SF,132799,0,1,0,5,128,81,0.2003,0.2529,0.2411,0.7981,117,10,anomaly
20.44,udp,domain_u,REJ,1498,73,1,0,0,223,92,0.9309,0.6305,0.1525,0.8452,66,5,anomaly
0.47,udp,other,SF,18509,3,3,0,1,129,144,0.8483,0.5086,0.0437,1.0,238,41,anomaly
24.56,icmp,other,S0,810,84,0,0,2,212,82,0.6202,0.5137,0.0927,0.8942,226,18,anomaly
0.12,tcp,http,RSTO,326,17252,0,0,0,31,11,0.0039,0.0,0.9395,0.125,204,126,normal
0.84,tcp,smtp,SF,708,1335,0,0,0,2,19,0.1384,0.0002,0.8403,0.1685,113,226,normal
8.25,icmp,private,S0,2743,3018,0,0,3,182,8,0.8684,0.3123,0.5091,0.461,18,38,anomaly
13.21,udp,private,SF,16,791,0,0,1,118,87,0.7956,0.0734,0.4406,0.5428,81,14,anomaly
0.15,tcp,eco_i,SH,1875,54,1,0,2,96,10,0.6929,0.0978,0.7439,0.2925,143,52,anomaly
24.63,tcp,private,S0,21182,87,0,0,3,44,95,0.9502,0.2995,0.2323,0.7041,3,23,anomaly
0.61,tcp,http,SF,412,1475,0,0,0,34,5,0.072,0.0001,0.9042,0.0894,85,147,normal
5.04,udp,eco_i,SF,4410,227,1,0,2,28,149,0.3321,0.7513,0.1284,0.925,83,35,anomaly
1.57,udp,private,SF,160,292,0,0,0,24,17,0.0141,0.0201,0.9038,0.122,59,116,normal
1.52,tcp,http,SF,144,1015,0,0,0,3,3,0.0405,0.0009,0.9079,0.0346,183,106,normal
1.21,udp,http,SF,64,1319,0,0,0,15,8,0.0113,0.0031,0.92,0.0955,122,134,normal
0.02,tcp,smtp,SF,801,1896,0,0,0,3,23,0.0146,0.0005,0.8302,0.1027,160,233,normal
1.79,tcp,http,SF,425,1326,0,0,0,31,23,0.0435,0.0,0.8937,0.1156,11,101,normal
0.71,tcp,ftp_data,SF,736,672,0,0,0,10,2,0.0194,0.0277,0.9556,0.1134,210,138,normal
39.06,icmp,eco_i,REJ,4071,124,0,0,1,164,179,0.9286,0.581,0.2085,0.7951,181,27,anomaly
2.56,tcp,eco_i,REJ,111,1214,0,0,0,22,24,0.002,0.0056,0.7582,0.1852,157,201,normal
1.33,tcp,other,SF,67,10748,0,0,0,14,20,0.0088,0.0,0.7895,0.201,67,132,normal
0.44,tcp,http,SF,376,3071,0,0,1,9,27,0.0059,0.0003,0.9308,0.0789,242,205,normal
0.34,udp,http,RSTO,70,1483,0,0,0,18,7,0.0141,0.0096,0.8805,0.1741,132,250,normal
0.62,tcp,http,SF,2249,3116,0,0,0,8,33,0.2679,0.0002,0.9722,0.082,220,215,normal
0.97,tcp,smtp,SF,51,381,0,0,0,38,29,0.0894,0.0,0.8642,0.0813,137,132,normal
23.69,icmp,http,SF,71,18,0,0,1,180,81,0.7713,0.1368,0.3976,0.5862,57,25,anomaly
0.98,tcp,other,RSTO,6371,174,0,0,2,192,37,0.7467,0.7722,0.1523,0.8674,166,51,anomaly
0.9,udp,private,SF,1062,219,0,0,3,117,102,0.8455,0.2508,0.5033,0.4665,7,5,anomaly
5.71,tcp,http,SF,302,353,0,0,0,12,3,0.2579,0.0095,0.9828,0.0421,193,108,normal
0.17,tcp,smtp,SF,77,4074,0,0,0,19,3,0.0678,0.0011,0.827,0.1056,163,193,normal
13.26,icmp,other,SF,25,5,0,0,1,133,161,0.9621,0.3817,0.1754,0.8376,175,48,anomaly
